DATE_;A1;PRICE1(BID);PRICE2(ASK);PRICE3(BIDðåçåðâ);PRICE4(ASKðåçåðâ);PRICE5(PriceIndex)
15.05.2017;XS1494462903;0,0822;0,0922;;;
12.05.2017;XS1494462903;0,082;0,092;;;
11.05.2017;XS1494462903;0,0845;0,0945;;;
10.05.2017;XS1494462903;0,0878;0,0978;;;
09.05.2017;XS1494462903;0,0884;0,0984;;;
08.05.2017;XS1494462903;0,0853;0,0953;;;
05.05.2017;XS1494462903;0,0845;0,0945;;;
04.05.2017;XS1494462903;0,0838;0,0938;;;
03.05.2017;XS1494462903;0,0827;0,0927;;;
02.05.2017;XS1494462903;0,0812;0,0912;;;
01.05.2017;XS1494462903;0,077;0,087;;;
28.04.2017;XS1494462903;0,077;0,087;;;
27.04.2017;XS1494462903;0,0761;0,0861;;;
26.04.2017;XS1494462903;0,0823;0,0923;;;
25.04.2017;XS1494462903;0,081;0,091;;;
24.04.2017;XS1494462903;0,0765;0,0865;;;
21.04.2017;XS1494462903;0,0743;0,0843;;;
20.04.2017;XS1494462903;0,0738;0,0838;;;
19.04.2017;XS1494462903;0,0726;0,0826;;;
18.04.2017;XS1494462903;0,0685;0,0785;;;
17.04.2017;XS1494462903;0,0675;0,0775;;;
14.04.2017;XS1494462903;0,0675;0,0775;;;
13.04.2017;XS1494462903;0,0675;0,0775;;;
12.04.2017;XS1494462903;0,0728;0,0828;;;
11.04.2017;XS1494462903;0,0695;0,0795;;;
10.04.2017;XS1494462903;0,0701;0,0801;;;
07.04.2017;XS1494462903;0,0701;0,0801;;;
06.04.2017;XS1494462903;0,0707;0,0807;;;
05.04.2017;XS1494462903;0,0727;0,0827;;;
04.04.2017;XS1494462903;0,0716;0,0816;;;
03.04.2017;XS1494462903;0,0722;0,0822;;;
31.03.2017;XS1494462903;0,0737;0,0837;;;
30.03.2017;XS1494462903;0,0739;0,0839;;;
29.03.2017;XS1494462903;0,0722;0,0822;;;
28.03.2017;XS1494462903;0,0724;0,0824;;;
27.03.2017;XS1494462903;0,0719;0,0819;;;
24.03.2017;XS1494462903;0,0748;0,0848;;;
23.03.2017;XS1494462903;0,074;0,084;;;
22.03.2017;XS1494462903;0,0718;0,0818;;;
21.03.2017;XS1494462903;0,0739;0,0839;;;
20.03.2017;XS1494462903;0,077;0,087;;;
17.03.2017;XS1494462903;0,0763;0,0863;;;
16.03.2017;XS1494462903;0,077;0,087;;;
15.03.2017;XS1494462903;0,0757;0,0857;;;
14.03.2017;XS1494462903;0,0748;0,0848;;;
13.03.2017;XS1494462903;0,0755;0,0855;;;
10.03.2017;XS1494462903;0,076;0,086;;;
09.03.2017;XS1494462903;0,0765;0,0865;;;
08.03.2017;XS1494462903;0,0757;0,0857;;;
07.03.2017;XS1494462903;0,0762;0,0862;;;
06.03.2017;XS1494462903;0,0767;0,0867;;;
03.03.2017;XS1494462903;0,0804;0,0904;;;
02.03.2017;XS1494462903;0,0808;0,0908;;;
01.03.2017;XS1494462903;0,0819;0,0919;;;
28.02.2017;XS1494462903;0,079;0,089;;;
27.02.2017;XS1494462903;0,0787;0,0887;;;
24.02.2017;XS1494462903;0,0787;0,0887;;;
23.02.2017;XS1494462903;0,0785;0,0885;;;
22.02.2017;XS1494462903;0,0789;0,0889;;;
21.02.2017;XS1494462903;0,0788;0,0888;;;
20.02.2017;XS1494462903;0,0795;0,0895;;;
17.02.2017;XS1494462903;0,0793;0,0893;;;
16.02.2017;XS1494462903;0,0765;0,0865;;;
15.02.2017;XS1494462903;0,0782;0,0882;;;
14.02.2017;XS1494462903;0,0741;0,0841;;;
13.02.2017;XS1494462903;0,0739;0,0839;;;
10.02.2017;XS1494462903;0,0725;0,0825;;;
09.02.2017;XS1494462903;0,0724;0,0824;;;
08.02.2017;XS1494462903;0,0708;0,0808;;;
07.02.2017;XS1494462903;0,0703;0,0803;;;
06.02.2017;XS1494462903;0,0708;0,0808;;;
03.02.2017;XS1494462903;0,0692;0,0792;;;
02.02.2017;XS1494462903;0,0673;0,0773;;;
01.02.2017;XS1494462903;0,0663;0,0763;;;
31.01.2017;XS1494462903;0,067;0,077;;;
30.01.2017;XS1494462903;0,0681;0,0781;;;
27.01.2017;XS1494462903;0,073;0,083;;;
26.01.2017;XS1494462903;0,0731;0,0831;;;
25.01.2017;XS1494462903;0,0721;0,0821;;;
24.01.2017;XS1494462903;0,07;0,08;;;
23.01.2017;XS1494462903;0,0701;0,0801;;;
20.01.2017;XS1494462903;0,0729;0,0829;;;
19.01.2017;XS1494462903;0,0734;0,0834;;;
18.01.2017;XS1494462903;0,0731;0,0831;;;
17.01.2017;XS1494462903;0,0725;0,0825;;;
16.01.2017;XS1494462903;0,0736;0,0836;;;
13.01.2017;XS1494462903;0,0735;0,0835;;;
12.01.2017;XS1494462903;0,0706;0,0806;;;
11.01.2017;XS1494462903;0,0726;0,0826;;;
10.01.2017;XS1494462903;0,0744;0,0844;;;
09.01.2017;XS1494462903;0,0715;0,0815;;;
06.01.2017;XS1494462903;0,073;0,083;;;
05.01.2017;XS1494462903;0,0704;0,0804;;;
04.01.2017;XS1494462903;0,0706;0,0806;;;
03.01.2017;XS1494462903;0,0708;0,0808;;;
02.01.2017;XS1494462903;0,0722;0,0822;;;
30.12.2016;XS1494462903;0,0732;0,0832;;;
29.12.2016;XS1494462903;0,0736;0,0836;;;
28.12.2016;XS1494462903;0,0746;0,0846;;;
27.12.2016;XS1494462903;0,0761;0,0861;;;
26.12.2016;XS1494462903;0,0761;0,0861;;;
23.12.2016;XS1494462903;0,0761;0,0861;;;
22.12.2016;XS1494462903;0,077;0,087;;;
21.12.2016;XS1494462903;0,0786;0,0886;;;
20.12.2016;XS1494462903;0,0786;0,0886;;;
19.12.2016;XS1494462903;0,079;0,089;;;
16.12.2016;XS1494462903;0,0778;0,0878;;;
15.12.2016;XS1494462903;0,0782;0,0882;;;
14.12.2016;XS1494462903;0,0765;0,0865;;;
15.05.2017;XS1514686911;0,0717;0,0817;;;
12.05.2017;XS1514686911;0,0716;0,0816;;;
11.05.2017;XS1514686911;0,0738;0,0838;;;
10.05.2017;XS1514686911;0,077;0,087;;;
09.05.2017;XS1514686911;0,078;0,088;;;
08.05.2017;XS1514686911;0,0753;0,0853;;;
05.05.2017;XS1514686911;0,0747;0,0847;;;
04.05.2017;XS1514686911;0,0737;0,0837;;;
03.05.2017;XS1514686911;0,073;0,083;;;
02.05.2017;XS1514686911;0,0721;0,0821;;;
01.05.2017;XS1514686911;0,0684;0,0784;;;
28.04.2017;XS1514686911;0,0684;0,0784;;;
27.04.2017;XS1514686911;0,0676;0,0776;;;
26.04.2017;XS1514686911;0,0733;0,0833;;;
25.04.2017;XS1514686911;0,072;0,082;;;
24.04.2017;XS1514686911;0,0675;0,0775;;;
21.04.2017;XS1514686911;0,0654;0,0754;;;
20.04.2017;XS1514686911;0,0649;0,0749;;;
19.04.2017;XS1514686911;0,0637;0,0737;;;
18.04.2017;XS1514686911;0,0601;0,0701;;;
17.04.2017;XS1514686911;0,0592;0,0692;;;
14.04.2017;XS1514686911;0,0592;0,0692;;;
13.04.2017;XS1514686911;0,0592;0,0692;;;
12.04.2017;XS1514686911;0,0638;0,0738;;;
11.04.2017;XS1514686911;0,0608;0,0708;;;
10.04.2017;XS1514686911;0,0615;0,0715;;;
07.04.2017;XS1514686911;0,0613;0,0713;;;
06.04.2017;XS1514686911;0,0622;0,0722;;;
05.04.2017;XS1514686911;0,0641;0,0741;;;
04.04.2017;XS1514686911;0,0637;0,0737;;;
03.04.2017;XS1514686911;0,0642;0,0742;;;
31.03.2017;XS1514686911;0,0664;0,0764;;;
30.03.2017;XS1514686911;0,0664;0,0764;;;
29.03.2017;XS1514686911;0,0659;0,0759;;;
28.03.2017;XS1514686911;0,0671;0,0771;;;
27.03.2017;XS1514686911;0,0669;0,0769;;;
24.03.2017;XS1514686911;0,0698;0,0798;;;
23.03.2017;XS1514686911;0,0691;0,0791;;;
22.03.2017;XS1514686911;0,0671;0,0771;;;
21.03.2017;XS1514686911;0,069;0,079;;;
20.03.2017;XS1514686911;0,0718;0,0818;;;
17.03.2017;XS1514686911;0,0714;0,0814;;;
16.03.2017;XS1514686911;0,072;0,082;;;
15.03.2017;XS1514686911;0,071;0,081;;;
14.03.2017;XS1514686911;0,0703;0,0803;;;
13.03.2017;XS1514686911;0,0708;0,0808;;;
10.03.2017;XS1514686911;0,0715;0,0815;;;
09.03.2017;XS1514686911;0,0719;0,0819;;;
08.03.2017;XS1514686911;0,0713;0,0813;;;
07.03.2017;XS1514686911;0,0716;0,0816;;;
06.03.2017;XS1514686911;0,072;0,082;;;
03.03.2017;XS1514686911;0,0753;0,0853;;;
02.03.2017;XS1514686911;0,076;0,086;;;
01.03.2017;XS1514686911;0,0769;0,0869;;;
28.02.2017;XS1514686911;0,0743;0,0843;;;
27.02.2017;XS1514686911;0,074;0,084;;;
24.02.2017;XS1514686911;0,074;0,084;;;
23.02.2017;XS1514686911;0,0739;0,0839;;;
22.02.2017;XS1514686911;0,0743;0,0843;;;
21.02.2017;XS1514686911;0,0743;0,0843;;;
20.02.2017;XS1514686911;0,0751;0,0851;;;
17.02.2017;XS1514686911;0,0752;0,0852;;;
16.02.2017;XS1514686911;0,0723;0,0823;;;
15.02.2017;XS1514686911;0,074;0,084;;;
14.02.2017;XS1514686911;0,0704;0,0804;;;
13.02.2017;XS1514686911;0,0701;0,0801;;;
10.02.2017;XS1514686911;0,0693;0,0793;;;
09.02.2017;XS1514686911;0,0691;0,0791;;;
08.02.2017;XS1514686911;0,0679;0,0779;;;
07.02.2017;XS1514686911;0,0675;0,0775;;;
06.02.2017;XS1514686911;0,068;0,078;;;
03.02.2017;XS1514686911;0,067;0,077;;;
02.02.2017;XS1514686911;0,0653;0,0753;;;
01.02.2017;XS1514686911;0,0644;0,0744;;;
31.01.2017;XS1514686911;0,0652;0,0752;;;
30.01.2017;XS1514686911;0,0659;0,0759;;;
27.01.2017;XS1514686911;0,0697;0,0797;;;
26.01.2017;XS1514686911;0,0696;0,0796;;;
25.01.2017;XS1514686911;0,0686;0,0786;;;
24.01.2017;XS1514686911;0,0666;0,0766;;;
23.01.2017;XS1514686911;0,0665;0,0765;;;
20.01.2017;XS1514686911;0,0689;0,0789;;;
19.01.2017;XS1514686911;0,0693;0,0793;;;
18.01.2017;XS1514686911;0,0688;0,0788;;;
17.01.2017;XS1514686911;0,0682;0,0782;;;
16.01.2017;XS1514686911;0,069;0,079;;;
13.01.2017;XS1514686911;0,0686;0,0786;;;
12.01.2017;XS1514686911;0,0658;0,0758;;;
11.01.2017;XS1514686911;0,0674;0,0774;;;
10.01.2017;XS1514686911;0,069;0,079;;;
09.01.2017;XS1514686911;0,0662;0,0762;;;
06.01.2017;XS1514686911;0,0672;0,0772;;;
05.01.2017;XS1514686911;0,0646;0,0746;;;
04.01.2017;XS1514686911;0,0645;0,0745;;;
03.01.2017;XS1514686911;0,0648;0,0748;;;
02.01.2017;XS1514686911;0,0659;0,0759;;;
30.12.2016;XS1514686911;0,0668;0,0768;;;
29.12.2016;XS1514686911;0,0669;0,0769;;;
28.12.2016;XS1514686911;0,0679;0,0779;;;
27.12.2016;XS1514686911;0,0687;0,0787;;;
26.12.2016;XS1514686911;0,0687;0,0787;;;
23.12.2016;XS1514686911;0,0687;0,0787;;;
22.12.2016;XS1514686911;0,0694;0,0794;;;
15.05.2017;XS1514655288;0,0711;0,0811;;;
12.05.2017;XS1514655288;0,0711;0,0811;;;
11.05.2017;XS1514655288;0,0749;0,0849;;;
10.05.2017;XS1514655288;0,078;0,088;;;
09.05.2017;XS1514655288;0,079;0,089;;;
08.05.2017;XS1514655288;0,0765;0,0865;;;
05.05.2017;XS1514655288;0,0758;0,0858;;;
04.05.2017;XS1514655288;0,0748;0,0848;;;
03.05.2017;XS1514655288;0,0743;0,0843;;;
02.05.2017;XS1514655288;0,0734;0,0834;;;
01.05.2017;XS1514655288;0,0698;0,0798;;;
28.04.2017;XS1514655288;0,0698;0,0798;;;
27.04.2017;XS1514655288;0,0691;0,0791;;;
26.04.2017;XS1514655288;0,0744;0,0844;;;
25.04.2017;XS1514655288;0,0732;0,0832;;;
24.04.2017;XS1514655288;0,0687;0,0787;;;
21.04.2017;XS1514655288;0,0667;0,0767;;;
20.04.2017;XS1514655288;0,0662;0,0762;;;
19.04.2017;XS1514655288;0,065;0,075;;;
18.04.2017;XS1514655288;0,0615;0,0715;;;
17.04.2017;XS1514655288;0,0604;0,0704;;;
14.04.2017;XS1514655288;0,0604;0,0704;;;
13.04.2017;XS1514655288;0,0604;0,0704;;;
12.04.2017;XS1514655288;0,0648;0,0748;;;
11.04.2017;XS1514655288;0,062;0,072;;;
10.04.2017;XS1514655288;0,0625;0,0725;;;
07.04.2017;XS1514655288;0,0631;0,0731;;;
06.04.2017;XS1514655288;0,0646;0,0746;;;
05.04.2017;XS1514655288;0,0664;0,0764;;;
04.04.2017;XS1514655288;0,0661;0,0761;;;
03.04.2017;XS1514655288;0,0665;0,0765;;;
31.03.2017;XS1514655288;0,0685;0,0785;;;
30.03.2017;XS1514655288;0,0685;0,0785;;;
29.03.2017;XS1514655288;0,0669;0,0769;;;
28.03.2017;XS1514655288;0,067;0,077;;;
27.03.2017;XS1514655288;0,0658;0,0758;;;
24.03.2017;XS1514655288;0,0674;0,0774;;;
23.03.2017;XS1514655288;0,0669;0,0769;;;
22.03.2017;XS1514655288;0,0647;0,0747;;;
21.03.2017;XS1514655288;0,0666;0,0766;;;
20.03.2017;XS1514655288;0,0692;0,0792;;;
17.03.2017;XS1514655288;0,0686;0,0786;;;
16.03.2017;XS1514655288;0,0691;0,0791;;;
15.03.2017;XS1514655288;0,0681;0,0781;;;
14.03.2017;XS1514655288;0,0674;0,0774;;;
13.03.2017;XS1514655288;0,0678;0,0778;;;
10.03.2017;XS1514655288;0,0682;0,0782;;;
09.03.2017;XS1514655288;0,0686;0,0786;;;
08.03.2017;XS1514655288;0,0679;0,0779;;;
07.03.2017;XS1514655288;0,0681;0,0781;;;
06.03.2017;XS1514655288;0,0685;0,0785;;;
03.03.2017;XS1514655288;0,0715;0,0815;;;
02.03.2017;XS1514655288;0,0722;0,0822;;;
01.03.2017;XS1514655288;0,073;0,083;;;
28.02.2017;XS1514655288;0,0704;0,0804;;;
27.02.2017;XS1514655288;0,0701;0,0801;;;
24.02.2017;XS1514655288;0,0699;0,0799;;;
23.02.2017;XS1514655288;0,0697;0,0797;;;
22.02.2017;XS1514655288;0,07;0,08;;;
21.02.2017;XS1514655288;0,0699;0,0799;;;
20.02.2017;XS1514655288;0,0706;0,0806;;;
17.02.2017;XS1514655288;0,0705;0,0805;;;
16.02.2017;XS1514655288;0,0676;0,0776;;;
15.02.2017;XS1514655288;0,0692;0,0792;;;
14.02.2017;XS1514655288;0,0655;0,0755;;;
13.02.2017;XS1514655288;0,0652;0,0752;;;
10.02.2017;XS1514655288;0,0642;0,0742;;;
09.02.2017;XS1514655288;0,064;0,074;;;
08.02.2017;XS1514655288;0,0628;0,0728;;;
07.02.2017;XS1514655288;0,0622;0,0722;;;
06.02.2017;XS1514655288;0,0628;0,0728;;;
03.02.2017;XS1514655288;0,0617;0,0717;;;
02.02.2017;XS1514655288;0,0598;0,0698;;;
01.02.2017;XS1514655288;0,059;0,069;;;
31.01.2017;XS1514655288;0,0597;0,0697;;;
30.01.2017;XS1514655288;0,0603;0,0703;;;
27.01.2017;XS1514655288;0,0638;0,0738;;;
26.01.2017;XS1514655288;0,0636;0,0736;;;
25.01.2017;XS1514655288;0,0625;0,0725;;;
24.01.2017;XS1514655288;0,0605;0,0705;;;
23.01.2017;XS1514655288;0,0603;0,0703;;;
20.01.2017;XS1514655288;0,0625;0,0725;;;
19.01.2017;XS1514655288;0,0629;0,0729;;;
18.01.2017;XS1514655288;0,0623;0,0723;;;
17.01.2017;XS1514655288;0,0617;0,0717;;;
16.01.2017;XS1514655288;0,0624;0,0724;;;
13.01.2017;XS1514655288;0,0619;0,0719;;;
12.01.2017;XS1514655288;0,059;0,069;;;
11.01.2017;XS1514655288;0,0606;0,0706;;;
10.01.2017;XS1514655288;0,0607;0,0707;;;
09.01.2017;XS1514655288;0,0599;0,0699;;;
06.01.2017;XS1514655288;0,0583;0,0683;;;
05.01.2017;XS1514655288;0,0582;0,0682;;;
04.01.2017;XS1514655288;0,0574;0,0674;;;
03.01.2017;XS1514655288;0,0578;0,0678;;;
02.01.2017;XS1514655288;0,0591;0,0691;;;
30.12.2016;XS1514655288;0,0591;0,0691;;;
15.05.2017;XS1431278180;0,0937;0,1037;;;
12.05.2017;XS1431278180;0,0925;0,1025;;;
10.05.2017;XS1431278180;0,093;0,103;;;
09.05.2017;XS1431278180;0,0942;0,1042;;;
08.05.2017;XS1431278180;0,0915;0,1015;;;
05.05.2017;XS1431278180;0,0929;0,1029;;;
04.05.2017;XS1431278180;0,0901;0,1001;;;
03.05.2017;XS1431278180;0,0895;0,0995;;;
02.05.2017;XS1431278180;0,0888;0,0988;;;
01.05.2017;XS1431278180;0,083;0,093;;;
28.04.2017;XS1431278180;0,082;0,092;;;
27.04.2017;XS1431278180;0,0825;0,0925;;;
26.04.2017;XS1431278180;0,086;0,096;;;
25.04.2017;XS1431278180;0,0872;0,0972;;;
24.04.2017;XS1431278180;0,082;0,092;;;
21.04.2017;XS1431278180;0,0766;0,0866;;;
20.04.2017;XS1431278180;0,0804;0,0904;;;
19.04.2017;XS1431278180;0,0763;0,0863;;;
18.04.2017;XS1431278180;0,0743;0,0843;;;
17.04.2017;XS1431278180;0,0749;0,0849;;;
14.04.2017;XS1431278180;0,0735;0,0835;;;
13.04.2017;XS1431278180;0,0737;0,0837;;;
12.04.2017;XS1431278180;0,0775;0,0875;;;
11.04.2017;XS1431278180;0,0773;0,0873;;;
10.04.2017;XS1431278180;0,0764;0,0864;;;
07.04.2017;XS1431278180;0,0775;0,0875;;;
06.04.2017;XS1431278180;0,0783;0,0883;;;
05.04.2017;XS1431278180;0,0773;0,0873;;;
04.04.2017;XS1431278180;0,0775;0,0875;;;
03.04.2017;XS1431278180;0,0808;0,0908;;;
31.03.2017;XS1431278180;0,0818;0,0918;;;
30.03.2017;XS1431278180;0,0817;0,0917;;;
29.03.2017;XS1431278180;0,0798;0,0898;;;
28.03.2017;XS1431278180;0,082;0,092;;;
27.03.2017;XS1431278180;0,0806;0,0906;;;
24.03.2017;XS1431278180;0,0808;0,0908;;;
23.03.2017;XS1431278180;0,0808;0,0908;;;
22.03.2017;XS1431278180;0,0806;0,0906;;;
21.03.2017;XS1431278180;0,0805;0,0905;;;
20.03.2017;XS1431278180;0,0857;0,0957;;;
17.03.2017;XS1431278180;0,0847;0,0947;;;
16.03.2017;XS1431278180;0,0843;0,0943;;;
15.03.2017;XS1431278180;0,0841;0,0941;;;
14.03.2017;XS1431278180;0,0827;0,0927;;;
13.03.2017;XS1431278180;0,086;0,096;;;
10.03.2017;XS1431278180;0,0864;0,0964;;;
09.03.2017;XS1431278180;0,0854;0,0954;;;
08.03.2017;XS1431278180;0,0858;0,0958;;;
07.03.2017;XS1431278180;0,0867;0,0967;;;
06.03.2017;XS1431278180;0,0874;0,0974;;;
03.03.2017;XS1431278180;0,0906;0,1006;;;
02.03.2017;XS1431278180;0,0905;0,1005;;;
01.03.2017;XS1431278180;0,0931;0,1031;;;
28.02.2017;XS1431278180;0,0886;0,0986;;;
27.02.2017;XS1431278180;0,0886;0,0986;;;
24.02.2017;XS1431278180;0,0896;0,0996;;;
23.02.2017;XS1431278180;0,0883;0,0983;;;
22.02.2017;XS1431278180;0,0896;0,0996;;;
21.02.2017;XS1431278180;0,0906;0,1006;;;
20.02.2017;XS1431278180;0,0903;0,1003;;;
17.02.2017;XS1431278180;0,0902;0,1002;;;
16.02.2017;XS1431278180;0,0893;0,0993;;;
15.02.2017;XS1431278180;0,0888;0,0988;;;
14.02.2017;XS1431278180;0,0865;0,0965;;;
13.02.2017;XS1431278180;0,0868;0,0968;;;
10.02.2017;XS1431278180;0,0864;0,0964;;;
09.02.2017;XS1431278180;0,0842;0,0942;;;
08.02.2017;XS1431278180;0,0829;0,0929;;;
07.02.2017;XS1431278180;0,0828;0,0928;;;
06.02.2017;XS1431278180;0,0827;0,0927;;;
03.02.2017;XS1431278180;0,0831;0,0931;;;
02.02.2017;XS1431278180;0,0814;0,0914;;;
01.02.2017;XS1431278180;0,0813;0,0913;;;
31.01.2017;XS1431278180;0,0804;0,0904;;;
30.01.2017;XS1431278180;0,0836;0,0936;;;
27.01.2017;XS1431278180;0,087;0,097;;;
26.01.2017;XS1431278180;0,0864;0,0964;;;
25.01.2017;XS1431278180;0,0855;0,0955;;;
24.01.2017;XS1431278180;0,0829;0,0929;;;
23.01.2017;XS1431278180;0,0818;0,0918;;;
20.01.2017;XS1431278180;0,0861;0,0961;;;
19.01.2017;XS1431278180;0,0854;0,0954;;;
18.01.2017;XS1431278180;0,0876;0,0976;;;
17.01.2017;XS1431278180;0,0869;0,0969;;;
16.01.2017;XS1431278180;0,0868;0,0968;;;
13.01.2017;XS1431278180;0,0872;0,0972;;;
12.01.2017;XS1431278180;0,0857;0,0957;;;
11.01.2017;XS1431278180;0,0873;0,0973;;;
10.01.2017;XS1431278180;0,0853;0,0953;;;
09.01.2017;XS1431278180;0,0842;0,1042;;;
06.01.2017;XS1431278180;0,0853;0,1053;;;
05.01.2017;XS1431278180;0,0837;0,1037;;;
04.01.2017;XS1431278180;0,0844;0,1044;;;
03.01.2017;XS1431278180;0,0841;0,1041;;;
02.01.2017;XS1431278180;0,0851;0,1051;;;
30.12.2016;XS1431278180;0,0855;0,1055;;;
15.05.2017;XS1431278933;0,2826;0,2926;;;
12.05.2017;XS1431278933;0,289;0,299;;;
10.05.2017;XS1431278933;0,2848;0,2948;;;
09.05.2017;XS1431278933;0,2835;0,2935;;;
08.05.2017;XS1431278933;0,2822;0,2922;;;
05.05.2017;XS1431278933;0,2791;0,2891;;;
04.05.2017;XS1431278933;0,2805;0,2905;;;
03.05.2017;XS1431278933;0,2744;0,2844;;;
02.05.2017;XS1431278933;0,2581;0,2681;;;
01.05.2017;XS1431278933;0,2606;0,2706;;;
28.04.2017;XS1431278933;0,2606;0,2706;;;
27.04.2017;XS1431278933;0,2586;0,2686;;;
26.04.2017;XS1431278933;0,244;0,254;;;
25.04.2017;XS1431278933;0,2383;0,2483;;;
24.04.2017;XS1431278933;0,2258;0,2358;;;
21.04.2017;XS1431278933;0,2131;0,2231;;;
20.04.2017;XS1431278933;0,2179;0,2279;;;
19.04.2017;XS1431278933;0,215;0,225;;;
18.04.2017;XS1431278933;0,2254;0,2354;;;
17.04.2017;XS1431278933;0,2381;0,2481;;;
14.04.2017;XS1431278933;0,2371;0,2471;;;
13.04.2017;XS1431278933;0,2375;0,2475;;;
12.04.2017;XS1431278933;0,2385;0,2485;;;
11.04.2017;XS1431278933;0,2368;0,2468;;;
10.04.2017;XS1431278933;0,2357;0,2457;;;
07.04.2017;XS1431278933;0,2319;0,2419;;;
06.04.2017;XS1431278933;0,2359;0,2459;;;
05.04.2017;XS1431278933;0,2409;0,2509;;;
04.04.2017;XS1431278933;0,2401;0,2501;;;
03.04.2017;XS1431278933;0,223;0,233;;;
31.03.2017;XS1431278933;0,2235;0,2335;;;
30.03.2017;XS1431278933;0,2206;0,2306;;;
29.03.2017;XS1431278933;0,2184;0,2284;;;
28.03.2017;XS1431278933;0,2136;0,2236;;;
27.03.2017;XS1431278933;0,2112;0,2212;;;
24.03.2017;XS1431278933;0,2104;0,2204;;;
23.03.2017;XS1431278933;0,2092;0,2192;;;
22.03.2017;XS1431278933;0,2052;0,2152;;;
21.03.2017;XS1431278933;0,2097;0,2197;;;
20.03.2017;XS1431278933;0,2177;0,2277;;;
17.03.2017;XS1431278933;0,2147;0,2247;;;
16.03.2017;XS1431278933;0,215;0,225;;;
15.03.2017;XS1431278933;0,213;0,223;;;
14.03.2017;XS1431278933;0,2163;0,2263;;;
13.03.2017;XS1431278933;0,2138;0,2238;;;
10.03.2017;XS1431278933;0,2142;0,2242;;;
09.03.2017;XS1431278933;0,2082;0,2182;;;
08.03.2017;XS1431278933;0,2048;0,2148;;;
07.03.2017;XS1431278933;0,2078;0,2178;;;
06.03.2017;XS1431278933;0,2192;0,2292;;;
03.03.2017;XS1431278933;0,2266;0,2366;;;
02.03.2017;XS1431278933;0,227;0,237;;;
01.03.2017;XS1431278933;0,2226;0,2326;;;
28.02.2017;XS1431278933;0,2186;0,2286;;;
27.02.2017;XS1431278933;0,2191;0,2291;;;
24.02.2017;XS1431278933;0,2194;0,2294;;;
23.02.2017;XS1431278933;0,2187;0,2287;;;
22.02.2017;XS1431278933;0,2211;0,2311;;;
21.02.2017;XS1431278933;0,2216;0,2316;;;
20.02.2017;XS1431278933;0,2125;0,2225;;;
17.02.2017;XS1431278933;0,2146;0,2246;;;
16.02.2017;XS1431278933;0,2122;0,2222;;;
15.02.2017;XS1431278933;0,2048;0,2148;;;
14.02.2017;XS1431278933;0,1967;0,2067;;;
13.02.2017;XS1431278933;0,1983;0,2083;;;
10.02.2017;XS1431278933;0,196;0,206;;;
09.02.2017;XS1431278933;0,1943;0,2043;;;
08.02.2017;XS1431278933;0,1755;0,1855;;;
07.02.2017;XS1431278933;0,1746;0,1846;;;
06.02.2017;XS1431278933;0,1706;0,1806;;;
03.02.2017;XS1431278933;0,1698;0,1798;;;
02.02.2017;XS1431278933;0,1638;0,1738;;;
01.02.2017;XS1431278933;0,1854;0,1954;;;
31.01.2017;XS1431278933;0,1741;0,1841;;;
30.01.2017;XS1431278933;0,175;0,185;;;
27.01.2017;XS1431278933;0,1772;0,1872;;;
26.01.2017;XS1431278933;0,1739;0,1839;;;
25.01.2017;XS1431278933;0,1665;0,1765;;;
24.01.2017;XS1431278933;0,1553;0,1653;;;
23.01.2017;XS1431278933;0,1648;0,1748;;;
20.01.2017;XS1431278933;0,1764;0,1864;;;
19.01.2017;XS1431278933;0,1733;0,1833;;;
18.01.2017;XS1431278933;0,1794;0,1894;;;
17.01.2017;XS1431278933;0,1742;0,1842;;;
16.01.2017;XS1431278933;0,187;0,197;;;
13.01.2017;XS1431278933;0,1938;0,2038;;;
12.01.2017;XS1431278933;0,1842;0,1942;;;
11.01.2017;XS1431278933;0,2015;0,2115;;;
10.01.2017;XS1431278933;0,2093;0,2193;;;
09.01.2017;XS1431278933;0,2088;0,2188;;;
06.01.2017;XS1431278933;0,2083;0,2183;;;
05.01.2017;XS1431278933;0,2141;0,2241;;;
04.01.2017;XS1431278933;0,2077;0,2177;;;
03.01.2017;XS1431278933;0,207;0,217;;;
02.01.2017;XS1431278933;0,1996;0,2096;;;
30.12.2016;XS1431278933;0,1952;0,2052;;;
29.12.2016;XS1431278933;0,1972;0,2072;;;
28.12.2016;XS1431278933;0,1958;0,2058;;;
15.05.2017;XS1431279154;0,3024;0,3124;;;
12.05.2017;XS1431279154;0,3027;0,3127;;;
10.05.2017;XS1431279154;0,2918;0,3018;;;
09.05.2017;XS1431279154;0,2907;0,3007;;;
08.05.2017;XS1431279154;0,2833;0,2933;;;
05.05.2017;XS1431279154;0,2782;0,2882;;;
04.05.2017;XS1431279154;0,2763;0,2863;;;
03.05.2017;XS1431279154;0,2694;0,2794;;;
02.05.2017;XS1431279154;0,2678;0,2778;;;
01.05.2017;XS1431279154;0,2638;0,2738;;;
28.04.2017;XS1431279154;0,2642;0,2742;;;
27.04.2017;XS1431279154;0,263;0,273;;;
26.04.2017;XS1431279154;0,2535;0,2635;;;
25.04.2017;XS1431279154;0,2498;0,2598;;;
24.04.2017;XS1431279154;0,2401;0,2501;;;
21.04.2017;XS1431279154;0,223;0,233;;;
20.04.2017;XS1431279154;0,2231;0,2331;;;
19.04.2017;XS1431279154;0,2215;0,2315;;;
18.04.2017;XS1431279154;0,2206;0,2306;;;
17.04.2017;XS1431279154;0,2343;0,2443;;;
14.04.2017;XS1431279154;0,2343;0,2443;;;
13.04.2017;XS1431279154;0,2343;0,2443;;;
12.04.2017;XS1431279154;0,2359;0,2459;;;
11.04.2017;XS1431279154;0,2351;0,2451;;;
10.04.2017;XS1431279154;0,2339;0,2439;;;
07.04.2017;XS1431279154;0,2349;0,2449;;;
06.04.2017;XS1431279154;0,2385;0,2485;;;
05.04.2017;XS1431279154;0,242;0,252;;;
04.04.2017;XS1431279154;0,2408;0,2508;;;
03.04.2017;XS1431279154;0,2372;0,2472;;;
31.03.2017;XS1431279154;0,2373;0,2473;;;
30.03.2017;XS1431279154;0,2388;0,2488;;;
29.03.2017;XS1431279154;0,2363;0,2463;;;
28.03.2017;XS1431279154;0,2328;0,2428;;;
27.03.2017;XS1431279154;0,2319;0,2419;;;
24.03.2017;XS1431279154;0,2305;0,2405;;;
23.03.2017;XS1431279154;0,2332;0,2432;;;
22.03.2017;XS1431279154;0,2256;0,2356;;;
21.03.2017;XS1431279154;0,231;0,241;;;
20.03.2017;XS1431279154;0,2376;0,2476;;;
17.03.2017;XS1431279154;0,2377;0,2477;;;
16.03.2017;XS1431279154;0,2368;0,2468;;;
15.03.2017;XS1431279154;0,2353;0,2453;;;
14.03.2017;XS1431279154;0,2372;0,2472;;;
13.03.2017;XS1431279154;0,2379;0,2479;;;
10.03.2017;XS1431279154;0,2391;0,2491;;;
09.03.2017;XS1431279154;0,2355;0,2455;;;
08.03.2017;XS1431279154;0,2329;0,2429;;;
07.03.2017;XS1431279154;0,2332;0,2432;;;
06.03.2017;XS1431279154;0,2399;0,2499;;;
03.03.2017;XS1431279154;0,2437;0,2537;;;
02.03.2017;XS1431279154;0,2395;0,2495;;;
01.03.2017;XS1431279154;0,2302;0,2402;;;
28.02.2017;XS1431279154;0,2227;0,2327;;;
27.02.2017;XS1431279154;0,2205;0,2305;;;
24.02.2017;XS1431279154;0,2219;0,2319;;;
23.02.2017;XS1431279154;0,2226;0,2326;;;
22.02.2017;XS1431279154;0,2285;0,2385;;;
21.02.2017;XS1431279154;0,2295;0,2395;;;
20.02.2017;XS1431279154;0,2224;0,2324;;;
17.02.2017;XS1431279154;0,2244;0,2344;;;
16.02.2017;XS1431279154;0,2218;0,2318;;;
15.02.2017;XS1431279154;0,2177;0,2277;;;
14.02.2017;XS1431279154;0,2113;0,2213;;;
13.02.2017;XS1431279154;0,216;0,226;;;
10.02.2017;XS1431279154;0,2149;0,2249;;;
09.02.2017;XS1431279154;0,2135;0,2235;;;
08.02.2017;XS1431279154;0,1979;0,2079;;;
07.02.2017;XS1431279154;0,1979;0,2079;;;
06.02.2017;XS1431279154;0,1923;0,2023;;;
03.02.2017;XS1431279154;0,1918;0,2018;;;
02.02.2017;XS1431279154;0,186;0,196;;;
01.02.2017;XS1431279154;0,1933;0,2033;;;
31.01.2017;XS1431279154;0,1865;0,1965;;;
30.01.2017;XS1431279154;0,1876;0,1976;;;
27.01.2017;XS1431279154;0,1903;0,2003;;;
26.01.2017;XS1431279154;0,1905;0,2005;;;
25.01.2017;XS1431279154;0,1838;0,1938;;;
24.01.2017;XS1431279154;0,1725;0,1825;;;
23.01.2017;XS1431279154;0,1772;0,1872;;;
20.01.2017;XS1431279154;0,1856;0,1956;;;
19.01.2017;XS1431279154;0,1837;0,1937;;;
18.01.2017;XS1431279154;0,1902;0,2002;;;
17.01.2017;XS1431279154;0,1842;0,1942;;;
16.01.2017;XS1431279154;0,1853;0,1953;;;
13.01.2017;XS1431279154;0,1947;0,2047;;;
12.01.2017;XS1431279154;0,1876;0,1976;;;
11.01.2017;XS1431279154;0,2001;0,2101;;;
10.01.2017;XS1431279154;0,2074;0,2174;;;
09.01.2017;XS1431279154;0,2029;0,2129;;;
06.01.2017;XS1431279154;0,2013;0,2113;;;
05.01.2017;XS1431279154;0,2065;0,2165;;;
04.01.2017;XS1431279154;0,2025;0,2125;;;
03.01.2017;XS1431279154;0,2015;0,2115;;;
02.01.2017;XS1431279154;0,1952;0,2052;;;
30.12.2016;XS1431279154;0,1925;0,2025;;;
29.12.2016;XS1431279154;0,1923;0,2023;;;
28.12.2016;XS1431279154;0,1914;0,2014;;;
15.05.2017;XS1431280244;0,093;0,103;;;
12.05.2017;XS1431280244;0,0928;0,1028;;;
10.05.2017;XS1431280244;0,0946;0,1046;;;
09.05.2017;XS1431280244;0,0941;0,1041;;;
08.05.2017;XS1431280244;0,0948;0,1048;;;
05.05.2017;XS1431280244;0,0947;0,1047;;;
04.05.2017;XS1431280244;0,093;0,103;;;
03.05.2017;XS1431280244;0,0913;0,1013;;;
02.05.2017;XS1431280244;0,0923;0,1023;;;
01.05.2017;XS1431280244;0,0924;0,1024;;;
28.04.2017;XS1431280244;0,0923;0,1023;;;
27.04.2017;XS1431280244;0,0906;0,1006;;;
26.04.2017;XS1431280244;0,0917;0,1017;;;
25.04.2017;XS1431280244;0,0907;0,1007;;;
24.04.2017;XS1431280244;0,0888;0,0988;;;
21.04.2017;XS1431280244;0,0792;0,0892;;;
20.04.2017;XS1431280244;0,0788;0,0888;;;
19.04.2017;XS1431280244;0,0782;0,0882;;;
18.04.2017;XS1431280244;0,0779;0,0879;;;
17.04.2017;XS1431280244;0,0809;0,0909;;;
14.04.2017;XS1431280244;0,0809;0,0909;;;
13.04.2017;XS1431280244;0,081;0,091;;;
12.04.2017;XS1431280244;0,0818;0,0918;;;
11.04.2017;XS1431280244;0,082;0,092;;;
10.04.2017;XS1431280244;0,0828;0,0928;;;
07.04.2017;XS1431280244;0,0833;0,0933;;;
06.04.2017;XS1431280244;0,0848;0,0948;;;
05.04.2017;XS1431280244;0,0842;0,0942;;;
04.04.2017;XS1431280244;0,0859;0,0959;;;
03.04.2017;XS1431280244;0,0869;0,0969;;;
31.03.2017;XS1431280244;0,0891;0,0991;;;
30.03.2017;XS1431280244;0,0883;0,0983;;;
29.03.2017;XS1431280244;0,0868;0,0968;;;
28.03.2017;XS1431280244;0,0847;0,0947;;;
27.03.2017;XS1431280244;0,0817;0,0917;;;
24.03.2017;XS1431280244;0,0837;0,0937;;;
23.03.2017;XS1431280244;0,0839;0,0939;;;
22.03.2017;XS1431280244;0,0809;0,0909;;;
21.03.2017;XS1431280244;0,0837;0,0937;;;
20.03.2017;XS1431280244;0,0865;0,0965;;;
17.03.2017;XS1431280244;0,0865;0,0965;;;
16.03.2017;XS1431280244;0,0864;0,0964;;;
15.03.2017;XS1431280244;0,0832;0,0932;;;
14.03.2017;XS1431280244;0,0834;0,0934;;;
13.03.2017;XS1431280244;0,0837;0,0937;;;
10.03.2017;XS1431280244;0,0834;0,0934;;;
09.03.2017;XS1431280244;0,0833;0,0933;;;
08.03.2017;XS1431280244;0,0836;0,0936;;;
07.03.2017;XS1431280244;0,0868;0,0968;;;
06.03.2017;XS1431280244;0,0862;0,0962;;;
03.03.2017;XS1431280244;0,0872;0,0972;;;
02.03.2017;XS1431280244;0,0876;0,0976;;;
01.03.2017;XS1431280244;0,0888;0,0988;;;
28.02.2017;XS1431280244;0,0843;0,0943;;;
27.02.2017;XS1431280244;0,084;0,094;;;
24.02.2017;XS1431280244;0,0841;0,0941;;;
23.02.2017;XS1431280244;0,0866;0,0966;;;
22.02.2017;XS1431280244;0,087;0,097;;;
21.02.2017;XS1431280244;0,0853;0,0953;;;
20.02.2017;XS1431280244;0,0817;0,0917;;;
17.02.2017;XS1431280244;0,0808;0,0908;;;
16.02.2017;XS1431280244;0,0818;0,0918;;;
15.02.2017;XS1431280244;0,0827;0,0927;;;
14.02.2017;XS1431280244;0,0823;0,0923;;;
13.02.2017;XS1431280244;0,0814;0,0914;;;
10.02.2017;XS1431280244;0,0786;0,0886;;;
09.02.2017;XS1431280244;0,0782;0,0882;;;
08.02.2017;XS1431280244;0,0759;0,0859;;;
07.02.2017;XS1431280244;0,0782;0,0882;;;
06.02.2017;XS1431280244;0,0784;0,0884;;;
03.02.2017;XS1431280244;0,08;0,09;;;
02.02.2017;XS1431280244;0,0812;0,0912;;;
01.02.2017;XS1431280244;0,0841;0,0941;;;
31.01.2017;XS1431280244;0,0794;0,0894;;;
30.01.2017;XS1431280244;0,0832;0,0932;;;
27.01.2017;XS1431280244;0,0861;0,0961;;;
26.01.2017;XS1431280244;0,0876;0,0976;;;
25.01.2017;XS1431280244;0,088;0,098;;;
24.01.2017;XS1431280244;0,0829;0,0929;;;
23.01.2017;XS1431280244;0,0811;0,0911;;;
20.01.2017;XS1431280244;0,0835;0,0935;;;
19.01.2017;XS1431280244;0,0827;0,0927;;;
18.01.2017;XS1431280244;0,0823;0,0923;;;
17.01.2017;XS1431280244;0,0813;0,0913;;;
16.01.2017;XS1431280244;0,0812;0,0912;;;
13.01.2017;XS1431280244;0,0832;0,0932;;;
12.01.2017;XS1431280244;0,0817;0,0917;;;
11.01.2017;XS1431280244;0,0859;0,0959;;;
10.01.2017;XS1431280244;0,085;0,095;;;
09.01.2017;XS1431280244;0,0851;0,0951;;;
06.01.2017;XS1431280244;0,0854;0,0954;;;
05.01.2017;XS1431280244;0,0852;0,0952;;;
04.01.2017;XS1431280244;0,0854;0,0954;;;
03.01.2017;XS1431280244;0,0863;0,0963;;;
02.01.2017;XS1431280244;0,0873;0,0973;;;
30.12.2016;XS1431280244;0,0854;0,0954;;;
29.12.2016;XS1431280244;0,0845;0,0945;;;
28.12.2016;XS1431280244;0,0853;0,0953;;;
15.05.2017;XS1431271250;0,2435;0,2535;;;
12.05.2017;XS1431271250;0,231;0,241;;;
10.05.2017;XS1431271250;0,2358;0,2458;;;
09.05.2017;XS1431271250;0,2235;0,2335;;;
08.05.2017;XS1431271250;0,2244;0,2344;;;
05.05.2017;XS1431271250;0,2192;0,2292;;;
04.05.2017;XS1431271250;0,2223;0,2323;;;
03.05.2017;XS1431271250;0,2258;0,2358;;;
02.05.2017;XS1431271250;0,2315;0,2415;;;
01.05.2017;XS1431271250;0,2301;0,2401;;;
28.04.2017;XS1431271250;0,2318;0,2418;;;
27.04.2017;XS1431271250;0,2318;0,2418;;;
26.04.2017;XS1431271250;0,2333;0,2433;;;
25.04.2017;XS1431271250;0,23;0,24;;;
24.04.2017;XS1431271250;0,2306;0,2406;;;
21.04.2017;XS1431271250;0,2209;0,2309;;;
20.04.2017;XS1431271250;0,2134;0,2234;;;
19.04.2017;XS1431271250;0,2134;0,2234;;;
18.04.2017;XS1431271250;0,2124;0,2224;;;
17.04.2017;XS1431271250;0,2035;0,2135;;;
14.04.2017;XS1431271250;0,205;0,215;;;
13.04.2017;XS1431271250;0,2058;0,2158;;;
12.04.2017;XS1431271250;0,2055;0,2155;;;
11.04.2017;XS1431271250;0,2152;0,2252;;;
10.04.2017;XS1431271250;0,2143;0,2243;;;
07.04.2017;XS1431271250;0,2316;0,2416;;;
06.04.2017;XS1431271250;0,2546;0,2646;;;
05.04.2017;XS1431271250;0,2589;0,2689;;;
04.04.2017;XS1431271250;0,2451;0,2551;;;
03.04.2017;XS1431271250;0,2408;0,2508;;;
31.03.2017;XS1431271250;0,2374;0,2474;;;
30.03.2017;XS1431271250;0,2478;0,2578;;;
29.03.2017;XS1431271250;0,2453;0,2553;;;
28.03.2017;XS1431271250;0,2418;0,2518;;;
27.03.2017;XS1431271250;0,2392;0,2492;;;
24.03.2017;XS1431271250;0,2483;0,2583;;;
23.03.2017;XS1431271250;0,2444;0,2544;;;
22.03.2017;XS1431271250;0,2403;0,2503;;;
21.03.2017;XS1431271250;0,2413;0,2513;;;
20.03.2017;XS1431271250;0,2491;0,2591;;;
17.03.2017;XS1431271250;0,239;0,249;;;
16.03.2017;XS1431271250;0,2349;0,2449;;;
15.03.2017;XS1431271250;0,2223;0,2323;;;
14.03.2017;XS1431271250;0,224;0,234;;;
13.03.2017;XS1431271250;0,2298;0,2398;;;
10.03.2017;XS1431271250;0,2294;0,2394;;;
09.03.2017;XS1431271250;0,2225;0,2325;;;
08.03.2017;XS1431271250;0,2395;0,2495;;;
07.03.2017;XS1431271250;0,2442;0,2542;;;
06.03.2017;XS1431271250;0,2459;0,2559;;;
03.03.2017;XS1431271250;0,2514;0,2614;;;
02.03.2017;XS1431271250;0,2478;0,2578;;;
01.03.2017;XS1431271250;0,2565;0,2665;;;
28.02.2017;XS1431271250;0,2459;0,2559;;;
27.02.2017;XS1431271250;0,262;0,272;;;
24.02.2017;XS1431271250;0,2705;0,2805;;;
23.02.2017;XS1431271250;0,282;0,292;;;
22.02.2017;XS1431271250;0,2747;0,2847;;;
21.02.2017;XS1431271250;0,2789;0,2889;;;
15.05.2017;XS1514597571;0,0733;0,0833;;;
12.05.2017;XS1514597571;0,0748;0,0848;;;
11.05.2017;XS1514597571;0,0792;0,0892;;;
10.05.2017;XS1514597571;0,0825;0,0925;;;
09.05.2017;XS1514597571;0,0836;0,0936;;;
08.05.2017;XS1514597571;0,0813;0,0913;;;
05.05.2017;XS1514597571;0,0809;0,0909;;;
04.05.2017;XS1514597571;0,0797;0,0897;;;
03.05.2017;XS1514597571;0,0795;0,0895;;;
02.05.2017;XS1514597571;0,0789;0,0889;;;
01.05.2017;XS1514597571;0,0758;0,0858;;;
28.04.2017;XS1514597571;0,0758;0,0858;;;
27.04.2017;XS1514597571;0,0751;0,0851;;;
26.04.2017;XS1514597571;0,0803;0,0903;;;
25.04.2017;XS1514597571;0,0791;0,0891;;;
24.04.2017;XS1514597571;0,075;0,085;;;
21.04.2017;XS1514597571;0,0733;0,0833;;;
20.04.2017;XS1514597571;0,0729;0,0829;;;
19.04.2017;XS1514597571;0,0718;0,0818;;;
18.04.2017;XS1514597571;0,0684;0,0784;;;
17.04.2017;XS1514597571;0,0678;0,0778;;;
14.04.2017;XS1514597571;0,0678;0,0778;;;
13.04.2017;XS1514597571;0,0678;0,0778;;;
12.04.2017;XS1514597571;0,0721;0,0821;;;
11.04.2017;XS1514597571;0,0693;0,0793;;;
10.04.2017;XS1514597571;0,07;0,08;;;
07.04.2017;XS1514597571;0,0697;0,0797;;;
06.04.2017;XS1514597571;0,0703;0,0803;;;
05.04.2017;XS1514597571;0,0721;0,0821;;;
04.04.2017;XS1514597571;0,0709;0,0809;;;
03.04.2017;XS1514597571;0,0714;0,0814;;;
31.03.2017;XS1514597571;0,0726;0,0826;;;
30.03.2017;XS1514597571;0,0726;0,0826;;;
29.03.2017;XS1514597571;0,0711;0,0811;;;
28.03.2017;XS1514597571;0,0712;0,0812;;;
27.03.2017;XS1514597571;0,07;0,08;;;
24.03.2017;XS1514597571;0,0717;0,0817;;;
23.03.2017;XS1514597571;0,0712;0,0812;;;
22.03.2017;XS1514597571;0,0692;0,0792;;;
21.03.2017;XS1514597571;0,0711;0,0811;;;
20.03.2017;XS1514597571;0,0737;0,0837;;;
17.03.2017;XS1514597571;0,0731;0,0831;;;
16.03.2017;XS1514597571;0,0737;0,0837;;;
15.03.2017;XS1514597571;0,0728;0,0828;;;
14.03.2017;XS1514597571;0,0721;0,0821;;;
13.03.2017;XS1514597571;0,0725;0,0825;;;
10.03.2017;XS1514597571;0,0731;0,0831;;;
09.03.2017;XS1514597571;0,0734;0,0834;;;
08.03.2017;XS1514597571;0,0727;0,0827;;;
07.03.2017;XS1514597571;0,073;0,083;;;
06.03.2017;XS1514597571;0,0734;0,0834;;;
03.03.2017;XS1514597571;0,0764;0,0864;;;
02.03.2017;XS1514597571;0,077;0,087;;;
01.03.2017;XS1514597571;0,0779;0,0879;;;
28.02.2017;XS1514597571;0,0754;0,0854;;;
27.02.2017;XS1514597571;0,0752;0,0852;;;
24.02.2017;XS1514597571;0,0751;0,0851;;;
23.02.2017;XS1514597571;0,0749;0,0849;;;
22.02.2017;XS1514597571;0,0752;0,0852;;;
21.02.2017;XS1514597571;0,0752;0,0852;;;
20.02.2017;XS1514597571;0,0759;0,0859;;;
17.02.2017;XS1514597571;0,0759;0,0859;;;
16.02.2017;XS1514597571;0,0734;0,0834;;;
15.02.2017;XS1514597571;0,075;0,085;;;
14.02.2017;XS1514597571;0,0714;0,0814;;;
13.02.2017;XS1514597571;0,071;0,081;;;
10.02.2017;XS1514597571;0,0702;0,0802;;;
09.02.2017;XS1514597571;0,07;0,08;;;
08.02.2017;XS1514597571;0,0689;0,0789;;;
07.02.2017;XS1514597571;0,0684;0,0784;;;
06.02.2017;XS1514597571;0,069;0,079;;;
03.02.2017;XS1514597571;0,0682;0,0782;;;
02.02.2017;XS1514597571;0,0666;0,0766;;;
01.02.2017;XS1514597571;0,0658;0,0758;;;
31.01.2017;XS1514597571;0,0665;0,0765;;;
30.01.2017;XS1514597571;0,0671;0,0771;;;
27.01.2017;XS1514597571;0,0706;0,0806;;;
26.01.2017;XS1514597571;0,0705;0,0805;;;
25.01.2017;XS1514597571;0,0695;0,0795;;;
24.01.2017;XS1514597571;0,0674;0,0774;;;
15.05.2017;XS1431286282;0,0831;0,0931;;;
12.05.2017;XS1431286282;0,0828;0,0928;;;
10.05.2017;XS1431286282;0,0833;0,0933;;;
09.05.2017;XS1431286282;0,0847;0,0947;;;
08.05.2017;XS1431286282;0,0827;0,0927;;;
05.05.2017;XS1431286282;0,0847;0,0947;;;
04.05.2017;XS1431286282;0,0821;0,0921;;;
03.05.2017;XS1431286282;0,082;0,092;;;
02.05.2017;XS1431286282;0,0816;0,0916;;;
01.05.2017;XS1431286282;0,0765;0,0865;;;
28.04.2017;XS1431286282;0,0764;0,0864;;;
27.04.2017;XS1431286282;0,0771;0,0871;;;
26.04.2017;XS1431286282;0,0804;0,0904;;;
25.04.2017;XS1431286282;0,082;0,092;;;
24.04.2017;XS1431286282;0,0776;0,0876;;;
21.04.2017;XS1431286282;0,0728;0,0828;;;
20.04.2017;XS1431286282;0,0762;0,0862;;;
19.04.2017;XS1431286282;0,0726;0,0826;;;
18.04.2017;XS1431286282;0,0709;0,0809;;;
17.04.2017;XS1431286282;0,0715;0,0815;;;
14.04.2017;XS1431286282;0,0704;0,0804;;;
13.04.2017;XS1431286282;0,0706;0,0806;;;
12.04.2017;XS1431286282;0,0741;0,0841;;;
11.04.2017;XS1431286282;0,0744;0,0844;;;
10.04.2017;XS1431286282;0,0732;0,0832;;;
07.04.2017;XS1431286282;0,0745;0,0845;;;
06.04.2017;XS1431286282;0,0751;0,0851;;;
05.04.2017;XS1431286282;0,0742;0,0842;;;
04.04.2017;XS1431286282;0,0745;0,0845;;;
03.04.2017;XS1431286282;0,0774;0,0874;;;
31.03.2017;XS1431286282;0,0784;0,0884;;;
30.03.2017;XS1431286282;0,0782;0,0882;;;
29.03.2017;XS1431286282;0,0768;0,0868;;;
28.03.2017;XS1431286282;0,0787;0,0887;;;
27.03.2017;XS1431286282;0,0774;0,0874;;;
24.03.2017;XS1431286282;0,0777;0,0877;;;
23.03.2017;XS1431286282;0,0778;0,0878;;;
22.03.2017;XS1431286282;0,0779;0,0879;;;
20.03.2017;XS1431286282;0,0824;0,0924;;;
17.03.2017;XS1431286282;0,0814;0,0914;;;
16.03.2017;XS1431286282;0,0812;0,0912;;;
15.03.2017;XS1431286282;0,0809;0,0909;;;
14.03.2017;XS1431286282;0,0797;0,0897;;;
13.03.2017;XS1431286282;0,0825;0,0925;;;
10.03.2017;XS1431286282;0,083;0,093;;;
09.03.2017;XS1431286282;0,0824;0,0924;;;
08.03.2017;XS1431286282;0,0826;0,0926;;;
07.03.2017;XS1431286282;0,0833;0,0933;;;
06.03.2017;XS1431286282;0,0839;0,0939;;;
03.03.2017;XS1431286282;0,0869;0,0969;;;
02.03.2017;XS1431286282;0,087;0,097;;;
01.03.2017;XS1431286282;0,0894;0,0994;;;
28.02.2017;XS1431286282;0,0854;0,0954;;;
27.02.2017;XS1431286282;0,0855;0,0955;;;
24.02.2017;XS1431286282;0,0864;0,0964;;;
23.02.2017;XS1431286282;0,0854;0,0954;;;
22.02.2017;XS1431286282;0,0866;0,0966;;;
21.02.2017;XS1431286282;0,0875;0,0975;;;
20.02.2017;XS1431286282;0,0874;0,0974;;;
17.02.2017;XS1431286282;0,0874;0,0974;;;
16.02.2017;XS1431286282;0,0868;0,0968;;;
15.02.2017;XS1431286282;0,0865;0,0965;;;
14.02.2017;XS1431286282;0,0845;0,0945;;;
13.02.2017;XS1431286282;0,0848;0,0948;;;
10.02.2017;XS1431286282;0,0843;0,0943;;;
09.02.2017;XS1431286282;0,0823;0,0923;;;
08.02.2017;XS1431286282;0,0812;0,0912;;;
07.02.2017;XS1431286282;0,0812;0,0912;;;
06.02.2017;XS1431286282;0,0811;0,0911;;;
03.02.2017;XS1431286282;0,0817;0,0917;;;
02.02.2017;XS1431286282;0,0803;0,0903;;;
01.02.2017;XS1431286282;0,0802;0,0902;;;
31.01.2017;XS1431286282;0,0801;0,0901;;;
30.01.2017;XS1431286282;0,0822;0,0922;;;
27.01.2017;XS1431286282;0,0851;0,0951;;;
26.01.2017;XS1431286282;0,0849;0,0949;;;
25.01.2017;XS1431286282;0,0842;0,0942;;;
24.01.2017;XS1431286282;0,0818;0,0918;;;
15.05.2017;XS1431277299;0,0529;0,0629;;;
12.05.2017;XS1431277299;0,0528;0,0628;;;
10.05.2017;XS1431277299;0,0518;0,0618;;;
09.05.2017;XS1431277299;0,0518;0,0618;;;
08.05.2017;XS1431277299;0,0507;0,0607;;;
05.05.2017;XS1431277299;0,0502;0,0602;;;
04.05.2017;XS1431277299;0,0499;0,0599;;;
03.05.2017;XS1431277299;0,0484;0,0584;;;
02.05.2017;XS1431277299;0,0484;0,0584;;;
01.05.2017;XS1431277299;0,0483;0,0583;;;
28.04.2017;XS1431277299;0,0483;0,0583;;;
27.04.2017;XS1431277299;0,048;0,058;;;
26.04.2017;XS1431277299;0,0468;0,0568;;;
25.04.2017;XS1431277299;0,0463;0,0563;;;
24.04.2017;XS1431277299;0,0449;0,0549;;;
21.04.2017;XS1431277299;0,0411;0,0511;;;
20.04.2017;XS1431277299;0,0417;0,0517;;;
19.04.2017;XS1431277299;0,0411;0,0511;;;
18.04.2017;XS1431277299;0,0411;0,0511;;;
17.04.2017;XS1431277299;0,0439;0,0539;;;
14.04.2017;XS1431277299;0,0438;0,0538;;;
13.04.2017;XS1431277299;0,0439;0,0539;;;
12.04.2017;XS1431277299;0,0441;0,0541;;;
11.04.2017;XS1431277299;0,044;0,054;;;
10.04.2017;XS1431277299;0,0439;0,0539;;;
07.04.2017;XS1431277299;0,0443;0,0543;;;
06.04.2017;XS1431277299;0,0449;0,0549;;;
05.04.2017;XS1431277299;0,0453;0,0553;;;
04.04.2017;XS1431277299;0,0452;0,0552;;;
03.04.2017;XS1431277299;0,0445;0,0545;;;
31.03.2017;XS1431277299;0,0447;0,0547;;;
30.03.2017;XS1431277299;0,0448;0,0548;;;
29.03.2017;XS1431277299;0,0445;0,0545;;;
28.03.2017;XS1431277299;0,0435;0,0535;;;
27.03.2017;XS1431277299;0,0432;0,0532;;;
24.03.2017;XS1431277299;0,0431;0,0531;;;
23.03.2017;XS1431277299;0,0437;0,0537;;;
22.03.2017;XS1431277299;0,0427;0,0527;;;
21.03.2017;XS1431277299;0,0431;0,0531;;;
20.03.2017;XS1431277299;0,0444;0,0544;;;
17.03.2017;XS1431277299;0,0443;0,0543;;;
16.03.2017;XS1431277299;0,0443;0,0543;;;
15.03.2017;XS1431277299;0,0441;0,0541;;;
14.03.2017;XS1431277299;0,0443;0,0543;;;
13.03.2017;XS1431277299;0,0441;0,0541;;;
10.03.2017;XS1431277299;0,0441;0,0541;;;
09.03.2017;XS1431277299;0,0434;0,0534;;;
08.03.2017;XS1431277299;0,0427;0,0527;;;
07.03.2017;XS1431277299;0,0429;0,0529;;;
06.03.2017;XS1431277299;0,0446;0,0546;;;
03.03.2017;XS1431277299;0,0451;0,0551;;;
02.03.2017;XS1431277299;0,0445;0,0545;;;
01.03.2017;XS1431277299;0,0423;0,0523;;;
28.02.2017;XS1431277299;0,0406;0,0506;;;
27.02.2017;XS1431277299;0,0405;0,0505;;;
24.02.2017;XS1431277299;0,0406;0,0506;;;
23.02.2017;XS1431277299;0,0405;0,0505;;;
22.02.2017;XS1431277299;0,0411;0,0511;;;
21.02.2017;XS1431277299;0,0415;0,0515;;;
20.02.2017;XS1431277299;0,0401;0,0501;;;
17.02.2017;XS1431277299;0,0404;0,0504;;;
16.02.2017;XS1431277299;0,0401;0,0501;;;
15.02.2017;XS1431277299;0,0394;0,0494;;;
14.02.2017;XS1431277299;0,0372;0,0472;;;
13.02.2017;XS1431277299;0,0376;0,0476;;;
10.02.2017;XS1431277299;0,0371;0,0471;;;
09.02.2017;XS1431277299;0,037;0,047;;;
08.02.2017;XS1431277299;0,0339;0,0439;;;
07.02.2017;XS1431277299;0,0342;0,0442;;;
06.02.2017;XS1431277299;0,0336;0,0436;;;
03.02.2017;XS1431277299;0,0335;0,0435;;;
02.02.2017;XS1431277299;0,0319;0,0419;;;
01.02.2017;XS1431277299;0,033;0,043;;;
31.01.2017;XS1431277299;0,0311;0,0411;;;
30.01.2017;XS1431277299;0,0312;0,0412;;;
27.01.2017;XS1431277299;0,032;0,042;;;
26.01.2017;XS1431277299;0,0317;0,0417;;;
25.01.2017;XS1431277299;0,0306;0,0406;;;
24.01.2017;XS1431277299;0,0287;0,0387;;;
15.05.2017;XS1532591788;0,0775;0,0875;;;
12.05.2017;XS1532591788;0,0777;0,0877;;;
11.05.2017;XS1532591788;0,0792;0,0892;;;
10.05.2017;XS1532591788;0,0801;0,0901;;;
09.05.2017;XS1532591788;0,0816;0,0916;;;
08.05.2017;XS1532591788;0,0796;0,0896;;;
05.05.2017;XS1532591788;0,0796;0,0896;;;
04.05.2017;XS1532591788;0,0782;0,0882;;;
03.05.2017;XS1532591788;0,0788;0,0888;;;
02.05.2017;XS1532591788;0,0789;0,0889;;;
01.05.2017;XS1532591788;0,0768;0,0868;;;
28.04.2017;XS1532591788;0,0768;0,0868;;;
27.04.2017;XS1532591788;0,0763;0,0863;;;
26.04.2017;XS1532591788;0,0811;0,0911;;;
25.04.2017;XS1532591788;0,0797;0,0897;;;
24.04.2017;XS1532591788;0,0758;0,0858;;;
21.04.2017;XS1532591788;0,0747;0,0847;;;
20.04.2017;XS1532591788;0,0743;0,0843;;;
19.04.2017;XS1532591788;0,0733;0,0833;;;
18.04.2017;XS1532591788;0,0703;0,0803;;;
17.04.2017;XS1532591788;0,07;0,08;;;
14.04.2017;XS1532591788;0,07;0,08;;;
13.04.2017;XS1532591788;0,07;0,08;;;
12.04.2017;XS1532591788;0,0736;0,0836;;;
11.04.2017;XS1532591788;0,0714;0,0814;;;
10.04.2017;XS1532591788;0,0718;0,0818;;;
07.04.2017;XS1532591788;0,072;0,082;;;
06.04.2017;XS1532591788;0,0725;0,0825;;;
05.04.2017;XS1532591788;0,0744;0,0844;;;
04.04.2017;XS1532591788;0,0733;0,0833;;;
03.04.2017;XS1532591788;0,0738;0,0838;;;
31.03.2017;XS1532591788;0,0751;0,0851;;;
30.03.2017;XS1532591788;0,0752;0,0852;;;
29.03.2017;XS1532591788;0,0738;0,0838;;;
28.03.2017;XS1532591788;0,0739;0,0839;;;
27.03.2017;XS1532591788;0,0728;0,0828;;;
24.03.2017;XS1532591788;0,0747;0,0847;;;
23.03.2017;XS1532591788;0,0745;0,0845;;;
22.03.2017;XS1532591788;0,0725;0,0825;;;
21.03.2017;XS1532591788;0,0745;0,0845;;;
20.03.2017;XS1532591788;0,0769;0,0869;;;
17.03.2017;XS1532591788;0,0765;0,0865;;;
16.03.2017;XS1532591788;0,0769;0,0869;;;
15.03.2017;XS1532591788;0,0763;0,0863;;;
14.03.2017;XS1532591788;0,0759;0,0859;;;
13.03.2017;XS1532591788;0,076;0,086;;;
10.03.2017;XS1532591788;0,0768;0,0868;;;
09.03.2017;XS1532591788;0,0772;0,0872;;;
08.03.2017;XS1532591788;0,0766;0,0866;;;
07.03.2017;XS1532591788;0,0767;0,0867;;;
06.03.2017;XS1532591788;0,0773;0,0873;;;
03.03.2017;XS1532591788;0,0803;0,0903;;;
02.03.2017;XS1532591788;0,0808;0,0908;;;
01.03.2017;XS1532591788;0,0817;0,0917;;;
28.02.2017;XS1532591788;0,0794;0,0894;;;
27.02.2017;XS1532591788;0,0792;0,0892;;;
24.02.2017;XS1532591788;0,0793;0,0893;;;
23.02.2017;XS1532591788;0,0793;0,0893;;;
22.02.2017;XS1532591788;0,0796;0,0896;;;
21.02.2017;XS1532591788;0,0796;0,0896;;;
20.02.2017;XS1532591788;0,0804;0,0904;;;
17.02.2017;XS1532591788;0,0807;0,0907;;;
16.02.2017;XS1532591788;0,0784;0,0884;;;
15.02.2017;XS1532591788;0,08;0,09;;;
14.02.2017;XS1532591788;0,0768;0,0868;;;
13.02.2017;XS1532591788;0,0764;0,0864;;;
10.02.2017;XS1532591788;0,076;0,086;;;
09.02.2017;XS1532591788;0,076;0,086;;;
08.02.2017;XS1532591788;0,0752;0,0852;;;
07.02.2017;XS1532591788;0,0746;0,0846;;;
15.05.2017;XS1431274601;0,0276;0,0476;;;
12.05.2017;XS1431274601;0,0279;0,0479;;;
10.05.2017;XS1431274601;0,0282;0,0482;;;
09.05.2017;XS1431274601;0,0292;0,0492;;;
08.05.2017;XS1431274601;0,0286;0,0486;;;
05.05.2017;XS1431274601;0,0296;0,0496;;;
04.05.2017;XS1431274601;0,0287;0,0487;;;
03.05.2017;XS1431274601;0,0288;0,0488;;;
02.05.2017;XS1431274601;0,0291;0,0491;;;
01.05.2017;XS1431274601;0,0274;0,0474;;;
28.04.2017;XS1431274601;0,0277;0,0477;;;
27.04.2017;XS1431274601;0,0281;0,0481;;;
26.04.2017;XS1431274601;0,0294;0,0494;;;
25.04.2017;XS1431274601;0,0302;0,0502;;;
24.04.2017;XS1431274601;0,0283;0,0483;;;
21.04.2017;XS1431274601;0,0267;0,0467;;;
20.04.2017;XS1431274601;0,0283;0,0483;;;
19.04.2017;XS1431274601;0,0268;0,0468;;;
18.04.2017;XS1431274601;0,0262;0,0462;;;
17.04.2017;XS1431274601;0,0266;0,0466;;;
14.04.2017;XS1431274601;0,0263;0,0463;;;
13.04.2017;XS1431274601;0,0266;0,0466;;;
12.04.2017;XS1431274601;0,028;0,048;;;
11.04.2017;XS1431274601;0,0281;0,0481;;;
10.04.2017;XS1431274601;0,0278;0,0478;;;
07.04.2017;XS1431274601;0,0287;0,0487;;;
06.04.2017;XS1431274601;0,0291;0,0491;;;
05.04.2017;XS1431274601;0,0287;0,0487;;;
04.04.2017;XS1431274601;0,029;0,049;;;
03.04.2017;XS1431274601;0,0302;0,0502;;;
31.03.2017;XS1431274601;0,031;0,051;;;
30.03.2017;XS1431274601;0,0309;0,0509;;;
29.03.2017;XS1431274601;0,0306;0,0506;;;
28.03.2017;XS1431274601;0,0314;0,0514;;;
27.03.2017;XS1431274601;0,0309;0,0509;;;
24.03.2017;XS1431274601;0,0314;0,0514;;;
23.03.2017;XS1431274601;0,0315;0,0515;;;
22.03.2017;XS1431274601;0,0315;0,0515;;;
21.03.2017;XS1431274601;0,0316;0,0516;;;
20.03.2017;XS1431274601;0,0337;0,0537;;;
17.03.2017;XS1431274601;0,0335;0,0535;;;
16.03.2017;XS1431274601;0,0334;0,0534;;;
15.03.2017;XS1431274601;0,0334;0,0534;;;
14.03.2017;XS1431274601;0,0332;0,0532;;;
13.03.2017;XS1431274601;0,0343;0,0443;;;
10.03.2017;XS1431274601;0,0348;0,0448;;;
09.03.2017;XS1431274601;0,0346;0,0446;;;
08.03.2017;XS1431274601;0,0348;0,0448;;;
07.03.2017;XS1431274601;0,0353;0,0453;;;
06.03.2017;XS1431274601;0,0354;0,0454;;;
03.03.2017;XS1431274601;0,037;0,047;;;
02.03.2017;XS1431274601;0,0371;0,0471;;;
01.03.2017;XS1431274601;0,0379;0,0479;;;
28.02.2017;XS1431274601;0,0366;0,0466;;;
27.02.2017;XS1431274601;0,0367;0,0467;;;
24.02.2017;XS1431274601;0,0375;0,0475;;;
23.02.2017;XS1431274601;0,0372;0,0472;;;
22.02.2017;XS1431274601;0,0376;0,0476;;;
21.02.2017;XS1431274601;0,0381;0,0481;;;
20.02.2017;XS1431274601;0,0382;0,0482;;;
17.02.2017;XS1431274601;0,0388;0,0488;;;
16.02.2017;XS1431274601;0,0385;0,0485;;;
15.02.2017;XS1431274601;0,0383;0,0483;;;
14.02.2017;XS1431274601;0,0377;0,0477;;;
13.02.2017;XS1431274601;0,0378;0,0478;;;
10.02.2017;XS1431274601;0,0379;0,0479;;;
09.02.2017;XS1431274601;0,0373;0,0473;;;
08.02.2017;XS1431274601;0,0368;0,0468;;;
07.02.2017;XS1431274601;0,037;0,047;;;
06.02.2017;XS1431274601;0,0373;0,0473;;;
03.02.2017;XS1431274601;0,0377;0,0477;;;
02.02.2017;XS1431274601;0,0372;0,0472;;;
01.02.2017;XS1431274601;0,0374;0,0474;;;
15.05.2017;XS1431271094;0,2479;0,2579;;;
12.05.2017;XS1431271094;0,2349;0,2449;;;
10.05.2017;XS1431271094;0,2393;0,2493;;;
09.05.2017;XS1431271094;0,2272;0,2372;;;
08.05.2017;XS1431271094;0,2279;0,2379;;;
05.05.2017;XS1431271094;0,2222;0,2322;;;
04.05.2017;XS1431271094;0,2249;0,2349;;;
03.05.2017;XS1431271094;0,228;0,238;;;
02.05.2017;XS1431271094;0,2335;0,2435;;;
01.05.2017;XS1431271094;0,2319;0,2419;;;
28.04.2017;XS1431271094;0,2327;0,2427;;;
27.04.2017;XS1431271094;0,2324;0,2424;;;
26.04.2017;XS1431271094;0,2337;0,2437;;;
25.04.2017;XS1431271094;0,2301;0,2401;;;
24.04.2017;XS1431271094;0,2305;0,2405;;;
21.04.2017;XS1431271094;0,2201;0,2301;;;
20.04.2017;XS1431271094;0,2125;0,2225;;;
19.04.2017;XS1431271094;0,2122;0,2222;;;
18.04.2017;XS1431271094;0,211;0,221;;;
17.04.2017;XS1431271094;0,202;0,212;;;
14.04.2017;XS1431271094;0,2028;0,2128;;;
13.04.2017;XS1431271094;0,2034;0,2134;;;
12.04.2017;XS1431271094;0,2029;0,2129;;;
11.04.2017;XS1431271094;0,2123;0,2223;;;
10.04.2017;XS1431271094;0,2113;0,2213;;;
07.04.2017;XS1431271094;0,2274;0,2374;;;
06.04.2017;XS1431271094;0,2501;0,2601;;;
05.04.2017;XS1431271094;0,254;0,264;;;
04.04.2017;XS1431271094;0,2404;0,2504;;;
03.04.2017;XS1431271094;0,236;0,246;;;
31.03.2017;XS1431271094;0,2317;0,2417;;;
30.03.2017;XS1431271094;0,2418;0,2518;;;
29.03.2017;XS1431271094;0,2392;0,2492;;;
28.03.2017;XS1431271094;0,2353;0,2453;;;
27.03.2017;XS1431271094;0,2324;0,2424;;;
24.03.2017;XS1431271094;0,2405;0,2505;;;
23.03.2017;XS1431271094;0,2366;0,2466;;;
22.03.2017;XS1431271094;0,2322;0,2422;;;
21.03.2017;XS1431271094;0,233;0,243;;;
20.03.2017;XS1431271094;0,2406;0,2506;;;
17.03.2017;XS1431271094;0,2303;0,2403;;;
16.03.2017;XS1431271094;0,226;0,236;;;
15.03.2017;XS1431271094;0,213;0,223;;;
14.03.2017;XS1431271094;0,2145;0,2245;;;
13.03.2017;XS1431271094;0,2201;0,2301;;;
10.03.2017;XS1431271094;0,2189;0,2289;;;
09.03.2017;XS1431271094;0,212;0,222;;;
08.03.2017;XS1431271094;0,2287;0,2387;;;
07.03.2017;XS1431271094;0,2331;0,2431;;;
06.03.2017;XS1431271094;0,2347;0,2447;;;
03.03.2017;XS1431271094;0,2392;0,2492;;;
02.03.2017;XS1431271094;0,2354;0,2454;;;
01.03.2017;XS1431271094;0,244;0,254;;;
28.02.2017;XS1431271094;0,2334;0,2434;;;
27.02.2017;XS1431271094;0,249;0,259;;;
24.02.2017;XS1431271094;0,2566;0,2666;;;
23.02.2017;XS1431271094;0,2677;0,2777;;;
22.02.2017;XS1431271094;0,2603;0,2703;;;
21.02.2017;XS1431271094;0,2641;0,2741;;;
15.05.2017;XS1431276994;0,0646;0,0846;;;
12.05.2017;XS1431276994;0,0643;0,0843;;;
10.05.2017;XS1431276994;0,0652;0,0852;;;
09.05.2017;XS1431276994;0,0667;0,0867;;;
08.05.2017;XS1431276994;0,0649;0,0849;;;
05.05.2017;XS1431276994;0,0668;0,0868;;;
04.05.2017;XS1431276994;0,0647;0,0847;;;
03.05.2017;XS1431276994;0,0644;0,0844;;;
02.05.2017;XS1431276994;0,0646;0,0846;;;
01.05.2017;XS1431276994;0,0602;0,0802;;;
28.04.2017;XS1431276994;0,0601;0,0801;;;
27.04.2017;XS1431276994;0,0607;0,0807;;;
26.04.2017;XS1431276994;0,0634;0,0834;;;
25.04.2017;XS1431276994;0,0646;0,0846;;;
24.04.2017;XS1431276994;0,0609;0,0809;;;
21.04.2017;XS1431276994;0,0573;0,0773;;;
20.04.2017;XS1431276994;0,06;0,08;;;
19.04.2017;XS1431276994;0,0571;0,0771;;;
18.04.2017;XS1431276994;0,0558;0,0758;;;
17.04.2017;XS1431276994;0,0561;0,0761;;;
14.04.2017;XS1431276994;0,0552;0,0752;;;
13.04.2017;XS1431276994;0,0554;0,0754;;;
12.04.2017;XS1431276994;0,0586;0,0786;;;
11.04.2017;XS1431276994;0,0581;0,0781;;;
10.04.2017;XS1431276994;0,0574;0,0774;;;
07.04.2017;XS1431276994;0,0585;0,0785;;;
06.04.2017;XS1431276994;0,0591;0,0791;;;
05.04.2017;XS1431276994;0,0584;0,0784;;;
04.04.2017;XS1431276994;0,0586;0,0786;;;
03.04.2017;XS1431276994;0,0616;0,0816;;;
31.03.2017;XS1431276994;0,0622;0,0822;;;
30.03.2017;XS1431276994;0,062;0,082;;;
29.03.2017;XS1431276994;0,0607;0,0807;;;
28.03.2017;XS1431276994;0,0626;0,0826;;;
27.03.2017;XS1431276994;0,0616;0,0816;;;
24.03.2017;XS1431276994;0,062;0,082;;;
23.03.2017;XS1431276994;0,062;0,082;;;
22.03.2017;XS1431276994;0,062;0,082;;;
21.03.2017;XS1431276994;0,0618;0,0818;;;
20.03.2017;XS1431276994;0,066;0,086;;;
17.03.2017;XS1431276994;0,0652;0,0852;;;
16.03.2017;XS1431276994;0,0649;0,0849;;;
15.03.2017;XS1431276994;0,0649;0,0849;;;
14.03.2017;XS1431276994;0,0639;0,0839;;;
13.03.2017;XS1431276994;0,0663;0,0763;;;
10.03.2017;XS1431276994;0,0668;0,0768;;;
09.03.2017;XS1431276994;0,0662;0,0762;;;
08.03.2017;XS1431276994;0,0665;0,0765;;;
07.03.2017;XS1431276994;0,0671;0,0771;;;
06.03.2017;XS1431276994;0,0676;0,0776;;;
03.03.2017;XS1431276994;0,0703;0,0803;;;
02.03.2017;XS1431276994;0,0702;0,0802;;;
01.03.2017;XS1431276994;0,0722;0,0822;;;
28.02.2017;XS1431276994;0,0694;0,0794;;;
27.02.2017;XS1431276994;0,0693;0,0793;;;
24.02.2017;XS1431276994;0,0703;0,0803;;;
23.02.2017;XS1431276994;0,0698;0,0798;;;
22.02.2017;XS1431276994;0,0702;0,0802;;;
21.02.2017;XS1431276994;0,0712;0,0812;;;
20.02.2017;XS1431276994;0,0711;0,0811;;;
17.02.2017;XS1431276994;0,0718;0,0818;;;
16.02.2017;XS1431276994;0,071;0,081;;;
15.02.2017;XS1431276994;0,0706;0,0806;;;
14.02.2017;XS1431276994;0,069;0,079;;;
13.02.2017;XS1431276994;0,069;0,079;;;
15.05.2017;XS1431276648;0,0517;0,0517;;;
12.05.2017;XS1431276648;0,0519;0,0519;;;
10.05.2017;XS1431276648;0,0525;0,0525;;;
09.05.2017;XS1431276648;0,0531;0,0531;;;
08.05.2017;XS1431276648;0,0523;0,0523;;;
05.05.2017;XS1431276648;0,0535;0,0535;;;
04.05.2017;XS1431276648;0,0524;0,0524;;;
03.05.2017;XS1431276648;0,0524;0,0524;;;
02.05.2017;XS1431276648;0,0525;0,0525;;;
01.05.2017;XS1431276648;0,0505;0,0505;;;
28.04.2017;XS1431276648;0,0507;0,0507;;;
27.04.2017;XS1431276648;0,0511;0,0511;;;
26.04.2017;XS1431276648;0,0526;0,0526;;;
25.04.2017;XS1431276648;0,0533;0,0533;;;
24.04.2017;XS1431276648;0,0512;0,0512;;;
21.04.2017;XS1431276648;0,0493;0,0493;;;
20.04.2017;XS1431276648;0,051;0,051;;;
19.04.2017;XS1431276648;0,0494;0,0494;;;
18.04.2017;XS1431276648;0,0487;0,0487;;;
17.04.2017;XS1431276648;0,0492;0,0492;;;
14.04.2017;XS1431276648;0,0489;0,0489;;;
13.04.2017;XS1431276648;0,0491;0,0491;;;
12.04.2017;XS1431276648;0,0507;0,0507;;;
11.04.2017;XS1431276648;0,0507;0,0507;;;
10.04.2017;XS1431276648;0,0504;0,0504;;;
07.04.2017;XS1431276648;0,0513;0,0513;;;
06.04.2017;XS1431276648;0,0516;0,0516;;;
05.04.2017;XS1431276648;0,0513;0,0513;;;
04.04.2017;XS1431276648;0,0515;0,0515;;;
03.04.2017;XS1431276648;0,0531;0,0531;;;
31.03.2017;XS1431276648;0,0538;0,0538;;;
30.03.2017;XS1431276648;0,0538;0,0538;;;
29.03.2017;XS1431276648;0,0531;0,0531;;;
28.03.2017;XS1431276648;0,0541;0,0541;;;
27.03.2017;XS1431276648;0,0536;0,0536;;;
24.03.2017;XS1431276648;0,0541;0,0541;;;
23.03.2017;XS1431276648;0,0542;0,0542;;;
22.03.2017;XS1431276648;0,0542;0,0542;;;
21.03.2017;XS1431276648;0,0543;0,0543;;;
20.03.2017;XS1431276648;0,0565;0,0565;;;
17.03.2017;XS1431276648;0,0563;0,0563;;;
16.03.2017;XS1431276648;0,0562;0,0562;;;
15.03.2017;XS1431276648;0,0562;0,0562;;;
14.03.2017;XS1431276648;0,0558;0,0558;;;
13.03.2017;XS1431276648;0,0372;0,0472;;;
10.03.2017;XS1431276648;0,0377;0,0477;;;
09.03.2017;XS1431276648;0,0375;0,0475;;;
08.03.2017;XS1431276648;0,0376;0,0476;;;
07.03.2017;XS1431276648;0,0381;0,0481;;;
06.03.2017;XS1431276648;0,0383;0,0483;;;
03.03.2017;XS1431276648;0,0401;0,0501;;;
02.03.2017;XS1431276648;0,04;0,05;;;
01.03.2017;XS1431276648;0,0411;0,0511;;;
28.02.2017;XS1431276648;0,0396;0,0496;;;
27.02.2017;XS1431276648;0,0397;0,0497;;;
24.02.2017;XS1431276648;0,0404;0,0504;;;
23.02.2017;XS1431276648;0,0402;0,0502;;;
22.02.2017;XS1431276648;0,0406;0,0506;;;
21.02.2017;XS1431276648;0,0412;0,0512;;;
20.02.2017;XS1431276648;0,0413;0,0513;;;
17.02.2017;XS1431276648;0,0418;0,0518;;;
16.02.2017;XS1431276648;0,0414;0,0514;;;
15.02.2017;XS1431276648;0,0412;0,0512;;;
14.02.2017;XS1431276648;0,0405;0,0505;;;
13.02.2017;XS1431276648;0,0406;0,0506;;;
15.05.2017;XS1552744846;0,0674;0,0774;;;
12.05.2017;XS1552744846;0,0675;0,0775;;;
11.05.2017;XS1552744846;0,0693;0,0793;;;
10.05.2017;XS1552744846;0,07;0,08;;;
09.05.2017;XS1552744846;0,0712;0,0812;;;
08.05.2017;XS1552744846;0,0692;0,0792;;;
05.05.2017;XS1552744846;0,0691;0,0791;;;
04.05.2017;XS1552744846;0,0679;0,0779;;;
03.05.2017;XS1552744846;0,0679;0,0779;;;
02.05.2017;XS1552744846;0,0675;0,0775;;;
01.05.2017;XS1552744846;0,065;0,075;;;
28.04.2017;XS1552744846;0,065;0,075;;;
27.04.2017;XS1552744846;0,0645;0,0745;;;
26.04.2017;XS1552744846;0,0693;0,0793;;;
25.04.2017;XS1552744846;0,0679;0,0779;;;
24.04.2017;XS1552744846;0,0637;0,0737;;;
21.04.2017;XS1552744846;0,0622;0,0722;;;
20.04.2017;XS1552744846;0,0619;0,0719;;;
19.04.2017;XS1552744846;0,0609;0,0709;;;
18.04.2017;XS1552744846;0,0577;0,0677;;;
17.04.2017;XS1552744846;0,0572;0,0672;;;
14.04.2017;XS1552744846;0,0572;0,0672;;;
13.04.2017;XS1552744846;0,0572;0,0672;;;
12.04.2017;XS1552744846;0,061;0,071;;;
11.04.2017;XS1552744846;0,0586;0,0686;;;
10.04.2017;XS1552744846;0,059;0,069;;;
07.04.2017;XS1552744846;0,0589;0,0689;;;
06.04.2017;XS1552744846;0,0595;0,0695;;;
05.04.2017;XS1552744846;0,0613;0,0713;;;
04.04.2017;XS1552744846;0,0601;0,0701;;;
03.04.2017;XS1552744846;0,0604;0,0704;;;
31.03.2017;XS1552744846;0,0617;0,0717;;;
30.03.2017;XS1552744846;0,0618;0,0718;;;
29.03.2017;XS1552744846;0,0604;0,0704;;;
28.03.2017;XS1552744846;0,0606;0,0706;;;
27.03.2017;XS1552744846;0,0596;0,0696;;;
24.03.2017;XS1552744846;0,0612;0,0712;;;
23.03.2017;XS1552744846;0,0608;0,0708;;;
22.03.2017;XS1552744846;0,0591;0,0691;;;
21.03.2017;XS1552744846;0,0608;0,0708;;;
20.03.2017;XS1552744846;0,0631;0,0731;;;
17.03.2017;XS1552744846;0,0628;0,0728;;;
16.03.2017;XS1552744846;0,0631;0,0731;;;
15.03.2017;XS1552744846;0,0625;0,0725;;;
14.03.2017;XS1552744846;0,0618;0,0718;;;
13.03.2017;XS1552744846;0,0623;0,0723;;;
10.03.2017;XS1552744846;0,063;0,073;;;
09.03.2017;XS1552744846;0,0635;0,0735;;;
08.03.2017;XS1552744846;0,0629;0,0729;;;
07.03.2017;XS1552744846;0,0631;0,0731;;;
15.05.2017;XS1552745736;0,036;0,046;;;
12.05.2017;XS1552745736;0,0362;0,0462;;;
11.05.2017;XS1552745736;0,0372;0,0472;;;
10.05.2017;XS1552745736;0,0377;0,0477;;;
09.05.2017;XS1552745736;0,0383;0,0483;;;
08.05.2017;XS1552745736;0,0374;0,0474;;;
05.05.2017;XS1552745736;0,0374;0,0474;;;
04.05.2017;XS1552745736;0,0369;0,0469;;;
03.05.2017;XS1552745736;0,0368;0,0468;;;
02.05.2017;XS1552745736;0,0367;0,0467;;;
01.05.2017;XS1552745736;0,0357;0,0457;;;
28.04.2017;XS1552745736;0,0357;0,0457;;;
27.04.2017;XS1552745736;0,0355;0,0455;;;
26.04.2017;XS1552745736;0,0377;0,0477;;;
25.04.2017;XS1552745736;0,0369;0,0469;;;
24.04.2017;XS1552745736;0,0348;0,0448;;;
21.04.2017;XS1552745736;0,0341;0,0441;;;
20.04.2017;XS1552745736;0,034;0,044;;;
19.04.2017;XS1552745736;0,0335;0,0435;;;
18.04.2017;XS1552745736;0,0319;0,0419;;;
17.04.2017;XS1552745736;0,0318;0,0418;;;
14.04.2017;XS1552745736;0,0318;0,0418;;;
13.04.2017;XS1552745736;0,0318;0,0418;;;
12.04.2017;XS1552745736;0,0337;0,0437;;;
11.04.2017;XS1552745736;0,0326;0,0426;;;
10.04.2017;XS1552745736;0,0327;0,0427;;;
07.04.2017;XS1552745736;0,0327;0,0427;;;
06.04.2017;XS1552745736;0,0331;0,0431;;;
05.04.2017;XS1552745736;0,034;0,044;;;
04.04.2017;XS1552745736;0,0334;0,0434;;;
03.04.2017;XS1552745736;0,0336;0,0436;;;
31.03.2017;XS1552745736;0,0344;0,0444;;;
30.03.2017;XS1552745736;0,0344;0,0444;;;
29.03.2017;XS1552745736;0,0338;0,0438;;;
28.03.2017;XS1552745736;0,0339;0,0439;;;
27.03.2017;XS1552745736;0,0335;0,0435;;;
24.03.2017;XS1552745736;0,0344;0,0444;;;
23.03.2017;XS1552745736;0,0343;0,0443;;;
22.03.2017;XS1552745736;0,0335;0,0435;;;
21.03.2017;XS1552745736;0,0344;0,0444;;;
20.03.2017;XS1552745736;0,0355;0,0455;;;
17.03.2017;XS1552745736;0,0355;0,0455;;;
16.03.2017;XS1552745736;0,0357;0,0457;;;
15.03.2017;XS1552745736;0,0355;0,0455;;;
14.03.2017;XS1552745736;0,0353;0,0453;;;
13.03.2017;XS1552745736;0,0355;0,0455;;;
10.03.2017;XS1552745736;0,036;0,046;;;
09.03.2017;XS1552745736;0,0363;0,0463;;;
08.03.2017;XS1552745736;0,0359;0,0459;;;
07.03.2017;XS1552745736;0,0361;0,0461;;;
15.05.2017;XS1567762627;0,0369;0,0469;;;
12.05.2017;XS1567762627;0,0375;0,0475;;;
11.05.2017;XS1567762627;0,037;0,047;;;
10.05.2017;XS1567762627;0,0377;0,0477;;;
09.05.2017;XS1567762627;0,0379;0,0479;;;
08.05.2017;XS1567762627;0,0366;0,0466;;;
05.05.2017;XS1567762627;0,0359;0,0459;;;
04.05.2017;XS1567762627;0,0363;0,0463;;;
03.05.2017;XS1567762627;0,0363;0,0463;;;
02.05.2017;XS1567762627;0,0376;0,0476;;;
01.05.2017;XS1567762627;0,0352;0,0452;;;
28.04.2017;XS1567762627;0,0352;0,0452;;;
27.04.2017;XS1567762627;0,0343;0,0443;;;
26.04.2017;XS1567762627;0,0346;0,0446;;;
25.04.2017;XS1567762627;0,0338;0,0438;;;
24.04.2017;XS1567762627;0,0344;0,0444;;;
21.04.2017;XS1567762627;0,0323;0,0423;;;
20.04.2017;XS1567762627;0,0319;0,0419;;;
19.04.2017;XS1567762627;0,0317;0,0417;;;
18.04.2017;XS1567762627;0,0318;0,0418;;;
17.04.2017;XS1567762627;0,0319;0,0419;;;
14.04.2017;XS1567762627;0,0319;0,0419;;;
13.04.2017;XS1567762627;0,0319;0,0419;;;
12.04.2017;XS1567762627;0,0319;0,0419;;;
11.04.2017;XS1567762627;0,0318;0,0418;;;
10.04.2017;XS1567762627;0,0331;0,0431;;;
07.04.2017;XS1567762627;0,0328;0,0428;;;
06.04.2017;XS1567762627;0,0329;0,0429;;;
05.04.2017;XS1567762627;0,0338;0,0438;;;
04.04.2017;XS1567762627;0,0329;0,0429;;;
03.04.2017;XS1567762627;0,0327;0,0427;;;
31.03.2017;XS1567762627;0,0336;0,0436;;;
30.03.2017;XS1567762627;0,0335;0,0435;;;
29.03.2017;XS1567762627;0,0331;0,0431;;;
28.03.2017;XS1567762627;0,0322;0,0422;;;
27.03.2017;XS1567762627;0,0337;0,0437;;;
24.03.2017;XS1567762627;0,0347;0,0447;;;
23.03.2017;XS1567762627;0,0344;0,0444;;;
22.03.2017;XS1567762627;0,0336;0,0436;;;
21.03.2017;XS1567762627;0,0343;0,0443;;;
15.05.2017;XS1431271763;0,0733;0,0833;;;
12.05.2017;XS1431271763;0,073;0,083;;;
10.05.2017;XS1431271763;0,0734;0,0834;;;
09.05.2017;XS1431271763;0,0753;0,0853;;;
08.05.2017;XS1431271763;0,0739;0,0839;;;
05.05.2017;XS1431271763;0,0751;0,0851;;;
04.05.2017;XS1431271763;0,0731;0,0831;;;
03.05.2017;XS1431271763;0,0729;0,0829;;;
01.05.2017;XS1431271763;0,0701;0,0801;;;
28.04.2017;XS1431271763;0,07;0,08;;;
27.04.2017;XS1431271763;0,0704;0,0804;;;
26.04.2017;XS1431271763;0,0728;0,0828;;;
25.04.2017;XS1431271763;0,0739;0,0839;;;
24.04.2017;XS1431271763;0,069;0,079;;;
21.04.2017;XS1431271763;0,0657;0,0757;;;
20.04.2017;XS1431271763;0,0683;0,0783;;;
19.04.2017;XS1431271763;0,0653;0,0753;;;
18.04.2017;XS1431271763;0,064;0,074;;;
17.04.2017;XS1431271763;0,0643;0,0743;;;
14.04.2017;XS1431271763;0,0631;0,0731;;;
13.04.2017;XS1431271763;0,0632;0,0732;;;
12.04.2017;XS1431271763;0,0659;0,0759;;;
11.04.2017;XS1431271763;0,0655;0,0755;;;
10.04.2017;XS1431271763;0,0643;0,0743;;;
07.04.2017;XS1431271763;0,0653;0,0753;;;
06.04.2017;XS1431271763;0,0657;0,0757;;;
05.04.2017;XS1431271763;0,0652;0,0752;;;
04.04.2017;XS1431271763;0,0652;0,0752;;;
03.04.2017;XS1431271763;0,0677;0,0777;;;
31.03.2017;XS1431271763;0,0677;0,0777;;;
30.03.2017;XS1431271763;0,0679;0,0779;;;
29.03.2017;XS1431271763;0,0665;0,0765;;;
28.03.2017;XS1431271763;0,0678;0,0778;;;
27.03.2017;XS1431271763;0,0667;0,0767;;;
24.03.2017;XS1431271763;0,067;0,077;;;
23.03.2017;XS1431271763;0,0669;0,0769;;;
22.03.2017;XS1431271763;0,067;0,077;;;
21.03.2017;XS1431271763;0,0668;0,0768;;;
20.03.2017;XS1431271763;0,0698;0,0798;;;
17.03.2017;XS1431271763;0,0681;0,0781;;;
16.03.2017;XS1431271763;0,0684;0,0784;;;
15.03.2017;XS1431271763;0,0681;0,0781;;;
15.05.2017;XS1567448912;0,066;0,076;;;
12.05.2017;XS1567448912;0,0651;0,0751;;;
11.05.2017;XS1567448912;0,066;0,076;;;
10.05.2017;XS1567448912;0,0667;0,0767;;;
09.05.2017;XS1567448912;0,0654;0,0754;;;
08.05.2017;XS1567448912;0,0668;0,0768;;;
05.05.2017;XS1567448912;0,07;0,08;;;
04.05.2017;XS1567448912;0,0682;0,0782;;;
03.05.2017;XS1567448912;0,0681;0,0781;;;
02.05.2017;XS1567448912;0,0694;0,0794;;;
01.05.2017;XS1567448912;0,0655;0,0755;;;
28.04.2017;XS1567448912;0,0653;0,0753;;;
27.04.2017;XS1567448912;0,0664;0,0764;;;
25.04.2017;XS1567448912;0,0675;0,0775;;;
24.04.2017;XS1567448912;0,0638;0,0738;;;
21.04.2017;XS1567448912;0,0611;0,0711;;;
20.04.2017;XS1567448912;0,0613;0,0713;;;
19.04.2017;XS1567448912;0,0589;0,0689;;;
18.04.2017;XS1567448912;0,0589;0,0689;;;
17.04.2017;XS1567448912;0,058;0,068;;;
14.04.2017;XS1567448912;0,0583;0,0683;;;
13.04.2017;XS1567448912;0,0582;0,0682;;;
12.04.2017;XS1567448912;0,0597;0,0697;;;
11.04.2017;XS1567448912;0,0611;0,0711;;;
10.04.2017;XS1567448912;0,0578;0,0678;;;
07.04.2017;XS1567448912;0,059;0,069;;;
06.04.2017;XS1567448912;0,0597;0,0697;;;
05.04.2017;XS1567448912;0,0583;0,0683;;;
04.04.2017;XS1567448912;0,0594;0,0694;;;
03.04.2017;XS1567448912;0,0605;0,0705;;;
31.03.2017;XS1567448912;0,0603;0,0703;;;
30.03.2017;XS1567448912;0,0595;0,0695;;;
29.03.2017;XS1567448912;0,057;0,067;;;
28.03.2017;XS1567448912;0,0589;0,0689;;;
27.03.2017;XS1567448912;0,058;0,068;;;
24.03.2017;XS1567448912;0,0591;0,0691;;;
23.03.2017;XS1567448912;0,0593;0,0693;;;
22.03.2017;XS1567448912;0,0581;0,0681;;;
21.03.2017;XS1567448912;0,0581;0,0681;;;
15.05.2017;XS1567448755;0,0314;0,0414;;;
12.05.2017;XS1567448755;0,031;0,041;;;
11.05.2017;XS1567448755;0,0316;0,0416;;;
10.05.2017;XS1567448755;0,0319;0,0419;;;
09.05.2017;XS1567448755;0,0315;0,0415;;;
08.05.2017;XS1567448755;0,0316;0,0416;;;
05.05.2017;XS1567448755;0,0334;0,0434;;;
04.05.2017;XS1567448755;0,033;0,043;;;
03.05.2017;XS1567448755;0,0329;0,0429;;;
02.05.2017;XS1567448755;0,0336;0,0436;;;
01.05.2017;XS1567448755;0,0317;0,0417;;;
28.04.2017;XS1567448755;0,0318;0,0418;;;
27.04.2017;XS1567448755;0,0323;0,0423;;;
25.04.2017;XS1567448755;0,0329;0,0429;;;
24.04.2017;XS1567448755;0,0313;0,0413;;;
21.04.2017;XS1567448755;0,0293;0,0393;;;
20.04.2017;XS1567448755;0,0295;0,0395;;;
19.04.2017;XS1567448755;0,0286;0,0386;;;
18.04.2017;XS1567448755;0,0289;0,0389;;;
17.04.2017;XS1567448755;0,0286;0,0386;;;
14.04.2017;XS1567448755;0,0285;0,0385;;;
13.04.2017;XS1567448755;0,0286;0,0386;;;
12.04.2017;XS1567448755;0,0292;0,0392;;;
11.04.2017;XS1567448755;0,0301;0,0401;;;
10.04.2017;XS1567448755;0,0288;0,0388;;;
07.04.2017;XS1567448755;0,0294;0,0394;;;
06.04.2017;XS1567448755;0,03;0,04;;;
05.04.2017;XS1567448755;0,0291;0,0391;;;
04.04.2017;XS1567448755;0,0297;0,0397;;;
03.04.2017;XS1567448755;0,0307;0,0407;;;
31.03.2017;XS1567448755;0,0302;0,0402;;;
30.03.2017;XS1567448755;0,0298;0,0398;;;
29.03.2017;XS1567448755;0,0288;0,0388;;;
28.03.2017;XS1567448755;0,0293;0,0393;;;
27.03.2017;XS1567448755;0,0291;0,0391;;;
24.03.2017;XS1567448755;0,0298;0,0398;;;
23.03.2017;XS1567448755;0,0296;0,0396;;;
22.03.2017;XS1567448755;0,029;0,039;;;
21.03.2017;XS1567448755;0,0297;0,0397;;;
15.05.2017;XS1575499527;0,0645;0,0745;;;
12.05.2017;XS1575499527;0,0637;0,0737;;;
11.05.2017;XS1575499527;0,0645;0,0745;;;
10.05.2017;XS1575499527;0,0651;0,0751;;;
09.05.2017;XS1575499527;0,0641;0,0741;;;
08.05.2017;XS1575499527;0,0652;0,0752;;;
05.05.2017;XS1575499527;0,0681;0,0781;;;
04.05.2017;XS1575499527;0,0669;0,0769;;;
03.05.2017;XS1575499527;0,0668;0,0768;;;
02.05.2017;XS1575499527;0,0677;0,0777;;;
01.05.2017;XS1575499527;0,0645;0,0745;;;
28.04.2017;XS1575499527;0,0642;0,0742;;;
27.04.2017;XS1575499527;0,0655;0,0755;;;
26.04.2017;XS1575499527;0,0664;0,0764;;;
25.04.2017;XS1575499527;0,0663;0,0763;;;
24.04.2017;XS1575499527;0,0632;0,0732;;;
21.04.2017;XS1575499527;0,0604;0,0704;;;
20.04.2017;XS1575499527;0,0604;0,0704;;;
19.04.2017;XS1575499527;0,0584;0,0684;;;
18.04.2017;XS1575499527;0,0587;0,0687;;;
17.04.2017;XS1575499527;0,0578;0,0678;;;
14.04.2017;XS1575499527;0,058;0,068;;;
13.04.2017;XS1575499527;0,0583;0,0683;;;
12.04.2017;XS1575499527;0,0594;0,0694;;;
11.04.2017;XS1575499527;0,0612;0,0712;;;
10.04.2017;XS1575499527;0,0581;0,0681;;;
07.04.2017;XS1575499527;0,0593;0,0693;;;
06.04.2017;XS1575499527;0,0606;0,0706;;;
05.04.2017;XS1575499527;0,0589;0,0689;;;
04.04.2017;XS1575499527;0,0598;0,0698;;;
03.04.2017;XS1575499527;0,0608;0,0708;;;
31.03.2017;XS1575499527;0,061;0,071;;;
30.03.2017;XS1575499527;0,0604;0,0704;;;
29.03.2017;XS1575499527;0,0588;0,0688;;;
28.03.2017;XS1575499527;0,06;0,07;;;
15.05.2017;XS1575508376;0,0312;0,0412;;;
12.05.2017;XS1575508376;0,0308;0,0408;;;
11.05.2017;XS1575508376;0,0313;0,0413;;;
10.05.2017;XS1575508376;0,0318;0,0418;;;
09.05.2017;XS1575508376;0,0313;0,0413;;;
08.05.2017;XS1575508376;0,0317;0,0417;;;
05.05.2017;XS1575508376;0,0336;0,0436;;;
04.05.2017;XS1575508376;0,0331;0,0431;;;
03.05.2017;XS1575508376;0,0331;0,0431;;;
02.05.2017;XS1575508376;0,0335;0,0435;;;
01.05.2017;XS1575508376;0,032;0,042;;;
28.04.2017;XS1575508376;0,0319;0,0419;;;
27.04.2017;XS1575508376;0,0327;0,0427;;;
25.04.2017;XS1575508376;0,0332;0,0432;;;
24.04.2017;XS1575508376;0,0317;0,0417;;;
21.04.2017;XS1575508376;0,0301;0,0401;;;
20.04.2017;XS1575508376;0,0301;0,0401;;;
19.04.2017;XS1575508376;0,0292;0,0392;;;
18.04.2017;XS1575508376;0,0297;0,0397;;;
17.04.2017;XS1575508376;0,0294;0,0394;;;
14.04.2017;XS1575508376;0,0295;0,0395;;;
13.04.2017;XS1575508376;0,0297;0,0397;;;
12.04.2017;XS1575508376;0,0304;0,0404;;;
11.04.2017;XS1575508376;0,0312;0,0412;;;
10.04.2017;XS1575508376;0,0298;0,0398;;;
07.04.2017;XS1575508376;0,0305;0,0405;;;
06.04.2017;XS1575508376;0,0313;0,0413;;;
05.04.2017;XS1575508376;0,0303;0,0403;;;
04.04.2017;XS1575508376;0,031;0,041;;;
03.04.2017;XS1575508376;0,0315;0,0415;;;
31.03.2017;XS1575508376;0,0316;0,0416;;;
30.03.2017;XS1575508376;0,0312;0,0412;;;
29.03.2017;XS1575508376;0,0302;0,0402;;;
28.03.2017;XS1575508376;0,03;0,04;;;
15.05.2017;XS1567762460;0,0745;0,0845;;;
12.05.2017;XS1567762460;0,0747;0,0847;;;
11.05.2017;XS1567762460;0,0756;0,0856;;;
10.05.2017;XS1567762460;0,0764;0,0864;;;
09.05.2017;XS1567762460;0,078;0,088;;;
08.05.2017;XS1567762460;0,0767;0,0867;;;
05.05.2017;XS1567762460;0,0766;0,0866;;;
04.05.2017;XS1567762460;0,0752;0,0852;;;
03.05.2017;XS1567762460;0,0757;0,0857;;;
02.05.2017;XS1567762460;0,0758;0,0858;;;
01.05.2017;XS1567762460;0,0744;0,0844;;;
28.04.2017;XS1567762460;0,0744;0,0844;;;
27.04.2017;XS1567762460;0,0742;0,0842;;;
26.04.2017;XS1567762460;0,0781;0,0881;;;
25.04.2017;XS1567762460;0,0765;0,0865;;;
24.04.2017;XS1567762460;0,0719;0,0819;;;
21.04.2017;XS1567762460;0,0708;0,0808;;;
20.04.2017;XS1567762460;0,0702;0,0802;;;
19.04.2017;XS1567762460;0,0691;0,0791;;;
15.05.2017;XS1575008724;0,0758;0,0858;;;
12.05.2017;XS1575008724;0,0757;0,0857;;;
15.05.2017;XS1575011868;0,0399;0,0499;;;
12.05.2017;XS1575011868;0,0402;0,0502;;;
15.05.2017;XS1607218390;0,0599;0,0699;;;
12.05.2017;XS1607218390;0,059;0,069;;;
11.05.2017;XS1607218390;0,0593;0,0693;;;
10.05.2017;XS1607218390;0,0601;0,0701;;;
09.05.2017;XS1607218390;0,0595;0,0695;;;
08.05.2017;XS1607218390;0,0604;0,0704;;;
05.05.2017;XS1607218390;0,06;0,07;;;
04.05.2017;XS1607218390;0,0602;0,0702;;;
03.05.2017;XS1607218390;0,0603;0,0703;;;
02.05.2017;XS1607218390;0,0604;0,0704;;;
01.05.2017;XS1607218390;0,0601;0,0701;;;
28.04.2017;XS1607218390;0,06;0,07;;;
27.04.2017;XS1607218390;0,0598;0,0698;;;
26.04.2017;XS1607218390;0,06;0,07;;;
15.05.2017;XS1607217749;0,0289;0,0389;;;
12.05.2017;XS1607217749;0,0284;0,0384;;;
11.05.2017;XS1607217749;0,0286;0,0386;;;
10.05.2017;XS1607217749;0,0291;0,0391;;;
09.05.2017;XS1607217749;0,029;0,039;;;
08.05.2017;XS1607217749;0,0294;0,0394;;;
05.05.2017;XS1607217749;0,0292;0,0392;;;
04.05.2017;XS1607217749;0,0293;0,0393;;;
03.05.2017;XS1607217749;0,0293;0,0393;;;
02.05.2017;XS1607217749;0,0294;0,0394;;;
01.05.2017;XS1607217749;0,0293;0,0393;;;
28.04.2017;XS1607217749;0,0292;0,0392;;;
27.04.2017;XS1607217749;0,0292;0,0392;;;
26.04.2017;XS1607217749;0,03;0,04;;;
15.05.2017;XS1574960859;0,076;0,086;;;
12.05.2017;XS1574960859;0,0758;0,0858;;;
10.05.2017;XS1574960859;0,0766;0,0866;;;
09.05.2017;XS1574960859;0,0777;0,0877;;;
08.05.2017;XS1574960859;0,0766;0,0866;;;
05.05.2017;XS1574960859;0,0765;0,0865;;;
15.05.2017;XS1574961154;0,036;0,046;;;
12.05.2017;XS1574961154;0,0362;0,0462;;;
10.05.2017;XS1574961154;0,0365;0,0465;;;
09.05.2017;XS1574961154;0,0372;0,0472;;;
08.05.2017;XS1574961154;0,0367;0,0467;;;
05.05.2017;XS1574961154;0,0369;0,0469;;;
